CL_NM,TRRSRT_NM,TRRSRT_ADDR,ORIGIN_CL_NM,ANALS_BEGIN_DE,ANALS_END_DE,AVRG_SCORE_VALUE,CORE_KWRD_CN,CORE_KWRD_CO,AFRM_KWRD_CN,AFRM_KWRD_CO,NEGA_KWRD_CN,NEGA_KWRD_CO
공연전시,고흐의 정원,제주 서귀포시 성산읍 삼달신풍로 126-5,NAVER,20230101,20230630,0,"파충류,아이,체험,고흐,사진,친절,정원,설명,그림,시간",10,친절,1,,0
공연전시,빛의벙커,제주 서귀포시 성산읍 고성리 2039-22,NAVER,20230101,20230630,0,"작품,음악,그림,시간,전시,감상,벙커,관람,제주,아이",10,,0,,0
공연전시,세계자동차박물관,제주 서귀포시 안덕면 중산간서로 1610,NAVER,20230101,20230630,0,"자동차,아이,피아노,체험,사슴,먹이,박물관,구경,시간,전시",10,,0,,0
공연전시,수목원테마파크,제주 제주시 은수길 69,NAVER,20230101,20230630,0,"아이,체험,썰매,얼음,수목원,테마파크,아이스,시간,사진,어른",10,,0,,0
공연전시,아리랑공연장,제주 서귀포시 표선면 번영로 2564-21,NAVER,20230101,20230630,0,"공연,아이,태권도,관람,낙타,사진,만족,부모,한국,시간",10,만족,1,,0
공연전시,건강과성박물관,제주 서귀포시 안덕면 일주서로 1611,NAVER,20230101,20230630,0,"유익,생각,내용,시간,친구,구경,설명,사진,관람,다양",10,,0,,0
공연전시,윈드1947카트 테마파크,제주 서귀포시 토평공단로 78-27,NAVER,20230101,20230630,0,"카트,코스,아이,서바이벌,시간,친절,매연,바퀴,운전,대기",10,친절,1,,0
공연전시,테디베어박물관,제주 서귀포시 중문관광로110번길 31,NAVER,20230101,20230630,0,"테디베어,아이,인형,곰돌이,볼거리,구경,생각,다양,방문,시간",10,,0,,0
공연전시,점보빌리지,제주 서귀포시 안덕면 평화로319번길 31-11,NAVER,20230101,20230630,0,"코끼리,아이,공연,바나나,체험,경험,먹이,트레킹,생각,패키지",10,,0,,0
공연전시,헬로키티아일랜드,제주 서귀포시 안덕면 한창로 340,NAVER,20230101,20230630,0,"아이,사진,키티,방문,시간,여자,헬로키티,볼거리,핑크,생각",10,,0,,0
공연전시,피규어뮤지엄제주,제주 서귀포시 안덕면 한창로 243,NAVER,20230101,20230630,0,"아이,피규어,어른,마블,구경,사진,볼거리,캐릭터,다양,생각",10,,0,,0
공연전시,제주난타,제주 제주시 선돌목동길 56-26,NAVER,20230101,20230630,0,"공연,배우,아이,시간,난타,관람,가족,추천,최고,만족",10,"추천,만족",2,,0
공연전시,스카이워터쇼,제주 제주시 구좌읍 번영로 2172-80,NAVER,20230101,20230630,0,"공연,아이,부모,시간,사진,만족,관람,기대,추천,생각",10,"만족,기대,추천",3,,0
기타,제주산방산탄산온천,제주 서귀포시 안덕면 사계북로41번길 192,NAVER,20230101,20230630,0,"온천,탄산,노천,야외,이용,피로,여행,제주,방문,시설",10,,0,피로,1
기타,오설록 티 뮤지엄,제주 서귀포시 안덕면 신화역사로 15,NAVER,20230101,20230630,0,"녹차,아이스크림,오설록,공사,제주,사진,선물,음료,방문,카페",10,,0,,0
기타,명월국민학교,제주 제주시 한림읍 명월로 48,NAVER,20230101,20230630,0,"추억,국민학교,음료,아이,커피,카페,사진,운동장,방문,학교",10,추억,1,,0
레저관광,김녕요트투어,제주 제주시 구좌읍 구좌해안로 229-16,NAVER,20230101,20230630,0,"돌고래,요트,친절,낚시,투어,직원,사진,체험,아이,날씨",10,친절,1,,0
레저관광,서귀포잠수함,제주 서귀포시 남성중로 40,NAVER,20230101,20230630,0,"잠수함,아이,경험,물고기,체험,사진,친절,추억,시간,설명",10,"친절,추억",2,,0
레저관광,제주 레일바이크,제주 제주시 구좌읍 용눈이오름로 641,NAVER,20230101,20230630,0,"자동,풍경,레일바이크,동물,아이,구경,코스,소리,경치,시간",10,,0,,0
레저관광,제주레포츠랜드,제주 제주시 조천읍 와흘상서2길 47,NAVER,20230101,20230630,0,"친절,카트,코스,아이,서바이벌,친구,직원,제주도,제주,다음",10,친절,1,,0
레저관광,제주제트,제주 서귀포시 대포로 172-5,NAVER,20230101,20230630,0,"스릴,주상절리,보트,생각,제주,제주도,아이,제트,시간,친절",10,친절,1,,0
키즈,뽀로로&타요테마파크 제주,제주 서귀포시 안덕면 병악로 269,NAVER,20230101,20230630,0,"아이,뽀로로,시간,아기,놀이,기구,방문,공연,제주도,실내",10,,0,,0
키즈,아쿠아플라넷 제주,제주 서귀포시 성산읍 섭지코지로 95,NAVER,20230101,20230630,0,"공연,아이,볼거리,시간,제주,아쿠아리움,방문,규모,구경,다양",10,,0,,0
테마파크,라온 더마파크,제주 제주시 한림읍 월림7길 155,NAVER,20230101,20230630,0,"공연,아이,체험,카트,승마,시간,부모,연기,어른,기대",10,기대,1,,0
테마파크,메이즈랜드,제주 제주시 구좌읍 비자림로 2134-47,NAVER,20230101,20230630,0,"미로,아이,시간,지도,생각,사진,산책,관리,공원,메이즈랜드",10,,0,,0
테마파크,여미지식물원,제주 서귀포시 중문관광로 93,NAVER,20230101,20230630,0,"식물,실내,식물원,구경,정원,방문,볼거리,관리,다양,산책",10,,0,,0
테마파크,브릭캠퍼스,제주 제주시 1100로 3047,NAVER,20230101,20230630,0,"아이,레고,작품,시간,체험,브릭,구경,블럭,어른,볼거리",10,,0,,0
테마파크,일출랜드,제주 서귀포시 성산읍 중산간동로 4150-30,NAVER,20230101,20230630,0,"산책,미천,동굴,다양,관람,구경,볼거리,사진,제주,관리",10,,0,,0
테마파크,상효원,제주 서귀포시 산록남로 2847-37,NAVER,20230101,20230630,0,"사진,산책,벚꽃,튤립,기차,수국,축제,생각,산책로,나무",10,,0,,0
테마파크,소인국테마파크,제주 서귀포시 안덕면 중산간서로 1878,NAVER,20230101,20230630,0,"아이,사진,볼거리,세계,방문,생각,여행,열차,추천,구경",10,추천,1,,0
테마파크,스누피가든,제주 제주시 구좌읍 금백조로 930,NAVER,20230101,20230630,0,"스누피,아이,사진,가든,시간,실내,방문,야외,볼거리,생각",10,,0,,0
테마파크,신화테마파크제주,제주 서귀포시 안덕면 신화역사로304번길 38,NAVER,20230101,20230630,0,"아이,기구,놀이,시간,놀이기구,이용,가격,생각,신화,테마파크",10,,0,,0
테마파크,제주돌문화공원,제주 제주시 조천읍 남조로 2023,NAVER,20230101,20230630,0,"제주,사진,방문,산책,볼거리,구경,박물관,공원,날씨,생각",10,,0,,0
테마파크,제주민속촌,제주 서귀포시 표선면 민속해안로 631-34,NAVER,20230101,20230630,0,"공연,제주,아이,민속촌,구경,방문,사진,볼거리,수국,체험",10,,0,,0
테마파크,카멜리아힐,제주 서귀포시 안덕면 병악로 166,NAVER,20230101,20230630,0,"수국,사진,동백꽃,동백,산책,방문,산책로,카멜리아,시간,구경",10,,0,,0
테마파크,한림공원,제주 제주시 한림읍 한림로 300,NAVER,20230101,20230630,0,"볼거리,공원,식물,시간,동굴,산책,구경,다양,공작새,한림",10,,0,,0
테마파크,제주허브동산,제주 서귀포시 표선면 돈오름로 170,NAVER,20230101,20230630,0,"족욕,사진,허브,조명,저녁,볼거리,야간,산책,여행,방문",10,,0,,0
테마파크,화조원,제주 제주시 애월읍 애원로 804,NAVER,20230101,20230630,0,"아이,동물,먹이,체험,알파카,공연,독수리,방문,시간,관리",10,,0,,0
공연전시,이중섭미술관,제주 서귀포시 이중섭로 27-3,NAVER,20230101,20230630,0,"이중섭,작품,미술관,그림,작가,전시,생가,화가,감상,관람",10,,0,,0
자연,비자림,제주 제주시 구좌읍 비자숲길 55,NAVER,20230101,20230630,0,"산책,비자,힐링,제주,산책로,나무,공기,시간,피톤치드,비자나무",10,힐링,1,,0
자연,만장굴,제주 제주시 구좌읍 만장굴길 182,NAVER,20230101,20230630,0,"동굴,만장,신발,신비,자연,용암,코스,운동화,필수,바닥",10,신비,1,,0
자연,성산일출봉,제주 서귀포시 성산읍 성산리 1,NAVER,20230101,20230630,0,"일출봉,성산,코스,바다,무료,정상,풍경,날씨,바람,제주도",10,,0,,0
공연전시,아프리카박물관,제주 서귀포시 이어도로 49,NAVER,20230101,20230630,0,"아이,아프리카,박물관,동물,방문,관람,인형,전시,볼거리,설명",10,,0,,0
공연전시,초콜릿랜드,제주 서귀포시 중문관광로110번길 15,NAVER,20230101,20230630,0,"아이,체험,초콜릿,시간,마카롱,친절,피자,초콜렛,방문,가격",10,친절,1,,0
기타,삼성혈,제주 제주시 삼성로 22,NAVER,20230101,20230630,0,"벚꽃,삼성혈,제주,산책,나무,사진,생각,구경,명소,입장료",10,,0,,0
레저관광,마라도가는여객선,제주 서귀포시 대정읍 송악관광로 424,NAVER,20230101,20230630,0,"마라도,시간,날씨,멀미,바람,마라,여행,짜장면,남단,예약",10,,0,,0
자연,산양큰엉곶,제주 제주시 한경면 청수리 956-6,NAVER,20230101,20230630,0,"사진,반딧불이,아이,반딧불,산책,포토존,경험,체험,시간,처음",10,,0,,0
테마파크,방림원,제주 제주시 한경면 용금로 864,NAVER,20230101,20230630,0,"식물,생각,구경,사진,시간,방문,다양,산책,정원,추천",10,추천,1,,0
테마파크,제주무민랜드,제주 서귀포시 안덕면 병악로 420,NAVER,20230101,20230630,0,"무민,아이,사진,카페,시간,랜드,생각,볼거리,방문,친절",10,친절,1,,0
테마파크,다이나믹메이즈제주,제주 서귀포시 표선면 번영로 2644,NAVER,20230101,20230630,0,"아이,시간,체험,무릎,레벨,어른,생각,코스,엄마,가족",10,,0,,0
공연전시,감귤박물관,제주 서귀포시 효돈순환로 441,NAVER,20230101,20230630,0,"한라봉,스무디,가격,감귤,카페,마들렌,감귤박물관,박물관,음료,공사",10,,0,,0
테마파크,에코랜드,제주 제주시 조천읍 번영로 1278-169,NAVER,20230101,20230630,0,"아이,기차,사진,에코랜드,방문,여행,구경,볼거리,체험,가족",10,,0,,0
공연전시,숨도,제주 서귀포시 일주동로 8941,NAVER,20230101,20230630,0,"수국,카페,사진,방문,산책,정원,힐링,생각,한라산,겨울",10,힐링,1,,0
공연전시,제주유리박물관,제주 서귀포시 중산간서로 1403,NAVER,20230101,20230630,0,"유리,체험,아이,작품,친절,구경,설명,접시,시간,꽃병",10,친절,1,,0
공연전시,제주해양동물박물관,제주 서귀포시 성산읍 서성일로 689-21,NAVER,20230101,20230630,0,"아이,친절,설명,유익,전시,놀이터,체험,시간,문제,직원",10,친절,1,문제,1
공연전시,그리스신화박물관,제주 제주시 한림읍 광산로 942,NAVER,20230101,20230630,0,"아이,그리스,신화,사진,로마,관리,내용,설명,관심,트릭",10,,0,,0
기타,섬타르,제주 제주시 다랑곶1길 9,NAVER,20230101,20230630,0,"타르트,친절,종류,직원,커피,디저트,선물,사장,다음,방문",10,친절,1,,0
기타,망고레이섭지코지점,제주 서귀포시 성산읍 신양로 102,NAVER,20230101,20230630,0,"망고,친절,음료,필리핀,코코넛,주스,제주,가격,아이스크림,코코",10,친절,1,,0
레저관광,걸리버여행기,제주 제주시 우도면 우도로 1,NAVER,20230101,20230630,0,"친절,우도,전기,직원,여행,시간,이용,걸리버,자전거,여행기",10,친절,1,,0
레저관광,산방산유람선,제주 서귀포시 안덕면 화순해안로106번길 16,NAVER,20230101,20230630,0,"유람선,날씨,설명,여행,산방산,부모,바람,추천,관광,시간",10,추천,1,,0
레저관광,제주바다체험장,제주 제주시 구좌읍 동복리 608-3,NAVER,20230101,20230630,0,"아이,체험,물고기,문어,낚시,상어,시간,시설,사장,친절",10,친절,1,,0
레저관광,제주실탄사격장,제주 서귀포시 소보리당로164번길 62,NAVER,20230101,20230630,0,"사격,실탄,친절,처음,경험,설명,방문,체험,직원,여행",10,친절,1,,0
레저관광,중문오프로드체험장,제주 서귀포시 상예로 349,NAVER,20230101,20230630,0,"친절,코스,오프로드,다음,처음,체험,제주도,사장,사진,직원",10,친절,1,,0
레저관광,중문카트,제주 서귀포시 일주서로 1114,NAVER,20230101,20230630,0,"아이,카트,코스,다음,친절,시간,중문,정도,일정,직원",10,친절,1,,0
레저관광,퍼시픽마리나,제주 서귀포시 중문관광로 154-17,NAVER,20230101,20230630,0,"요트,친절,낚시,시간,직원,여행,보트,바다,제트,날씨",10,친절,1,,0
체험,세별헤이요목장,제주특별자치도 제주시 애월읍 평화로 1529,NAVER,20230101,20230630,0,"동물,먹이,아이,체험,생각,방문,새별오름,알파카,관리,동물원",10,,0,,0
키즈,서프라이즈테마파크,제주 제주시 조천읍 남조로 2243,NAVER,20230101,20230630,0,"아이,로봇,볼거리,생각,사진,방문,추천,저녁,캐릭터,야경",10,추천,1,,0
키즈,액트몬,제주 서귀포시 중문관광로 205,NAVER,20230101,20230630,0,"시간,아이,게임,오락실,고장,게임기,친절,서바이벌,기계,어른",10,친절,1,,0
키즈,제주코코몽에코파크,제주 서귀포시 남원읍 태위로 536 제주코코몽에코파크,NAVER,20230101,20230630,0,"아이,친절,시간,실내,직원,시설,놀이터,기차,놀이,체험",10,친절,1,,0
테마파크,블루마운틴4255,제주 서귀포시 성산읍 중산간동로 4255,NAVER,20230101,20230630,0,"족욕,커피,여행,설명,친구,피로,친절,오일,만족,피곤",10,"친절,만족",2,"피로,피곤",2
테마파크,생각하는정원,제주 제주시 한경면 녹차분재로 675,NAVER,20230101,20230630,0,"분재,정원,생각,방문,산책,제주,추천,원장,부모,사진",10,추천,1,,0
테마파크,쇠소깍산물관광농원,제주 서귀포시 남원읍 하례로 90,NAVER,20230101,20230630,0,"체험,볼거리,한라봉,사진,아이,구경,박물관,방문,음료,친절",10,친절,1,,0
테마파크,훈데르트바서파크,제주 제주시 우도면 우도해안길 32-12,NAVER,20230101,20230630,0,"우도,사진,시간,작품,작가,아이,볼거리,전시,정은혜,산책",10,,0,,0
테마파크,액티브파크,제주 제주시 한림읍 금능남로 76 ,NAVER,20230101,20230630,0,"아이,친절,체험,시간,직원,카트,클라이밍,방문,안전,선생",10,"친절,안전",2,,0
테마파크,베니스랜드,제주 서귀포시 성산읍 난산리 2575,NAVER,20230101,20230630,0,"곤돌라,사진,아이,베니스,체험,랜드,잉어,친절,추천,구경",10,"친절,추천",2,,0
자연,천제연폭포,제주 서귀포시 천제연로 132 천제연폭포관리소,NAVER,20230101,20230630,0,"폭포,폭포수,공사,구경,스트레스,중독,기대,만족,현재,낙하",10,"기대,만족",2,"스트레스,중독",2
자연,용머리해안,제주 서귀포시 안덕면 사계리 112-3,NAVER,20230101,20230630,0,"경관,용머리,해안,시간,아기,포토존,방문,정도,이날,파도",10,,0,,0
자연,정방폭포,제주 서귀포시 칠십리로214번길 37,NAVER,20230101,20230630,0,"폭포,바다,정방폭포,사진,유일,방문,물줄기,힐링,동양,근처",10,힐링,1,,0
자연,대포주상절리,제주 서귀포시 이어도로 36-24,NAVER,20230101,20230630,0,"공사,무료,전망대,한정,산책로,관람,가능,가까이,코빼기,시간",10,,0,,0
기타,더힐링타임,제주 제주시 서해안로 652,NAVER,20230101,20230630,0,"족욕,피로,여행,체험,친절,단체,오일,소금,힐링,구매",10,"친절,힐링",2,피로,1
기타,신화월드 랜딩다이닝,제주 서귀포시 안덕면 신화역사로304번길 38 랜딩관 제주신화월드 호텔앤리조트 G층,NAVER,20230101,20230630,0,"음식,방문,해산물,직원,랍스타,제주,가격,랜딩,다이닝,만족",10,만족,1,,0
기타,신화월드 스카이 온 파이브 다이닝,제주 서귀포시 안덕면 신화역사로304번길 38 메리어트관 제주신화월드 호텔앤리조트 5층,NAVER,20230101,20230630,0,"음식,디저트,메뉴,종류,친절,만족,와인,제한,방문,이용",10,"친절,만족",2,,0
레저관광,고스트타운,제주 제주시 애월읍 부룡수길 35-12,NAVER,20230101,20230630,0,"아이,친절,체험,고스트,가격,타운,폐허,귀신,제주,여행",10,친절,1,,0
레저관광,제주씨월드(우도잠수함),제주 서귀포시 성산읍 성산등용로 112-7,NAVER,20230101,20230630,0,"잠수함,멀미,시간,아이,예약,경험,물고기,바다,연락,여행",10,,0,,0
레저관광,중문승마공원,제주 서귀포시 이어도로 244,NAVER,20230101,20230630,0,"코스,친절,사진,체험,승마,바다,아이,직원,해변,추천",10,"친절,추천",2,,0
자연,천지연폭포,제주 서귀포시 천지동 667-7,NAVER,20230101,20230630,0,"폭포,사진,천지연폭포,추천,제주,방문,천지,주차,산책로,코스",10,추천,1,,0
기타,제주그림카페,제주 서귀포시 안덕면 녹차분재로 218,NAVER,20230101,20230630,0,"카페,사진,커피,박물관,그림,음료,컨셉,독특,아이스크림,가격",10,독특,1,,0
기타,난드르깡통구이,제주 서귀포시 안덕면 대평감산로 14,NAVER,20230101,20230630,0,"돼지,친절,제주,고기,직원,반찬,냉면,고민,필요,김치찌개",10,친절,1,고민,1
공연전시,고흐의 정원,제주 서귀포시 성산읍 삼달신풍로 126-5,KAKAO,20230101,20230630,100,"친절,사진,고흐,너어무,직원,입장권,주차장,네이버,구매,취향저격",10,친절,1,,0
공연전시,빛의벙커,제주 서귀포시 성산읍 고성리 2039-22,KAKAO,20230101,20230630,77,"작품,느낌,음악,바닥,감상,예술,입장료,생각,사진,시간",10,느낌,1,,0
공연전시,세계자동차박물관,제주 서귀포시 안덕면 중산간서로 1610,KAKAO,20230101,20230630,86,"자동차,전시,피아노,사슴,전시장,아이",6,,0,,0
공연전시,수목원테마파크,제주 제주시 은수길 69,KAKAO,20230101,20230630,45,"얼음,썰매,야시장,초등학생,학년,이상,따숩게,어른,볼거리,진심",10,진심,1,,0
공연전시,아리랑공연장,제주 서귀포시 표선면 번영로 2564-21,KAKAO,20230101,20230630,60,"단체,추천,정도,관람객,대부분,관광객,코스",7,추천,1,,0
공연전시,건강과성박물관,제주 서귀포시 안덕면 일주서로 1611,KAKAO,20230101,20230630,80,"생각,처음,표현,제주,별거,입장,동시,입구,남녀,성인",10,,0,,0
공연전시,윈드1947카트 테마파크,제주 서귀포시 토평공단로 78-27,KAKAO,20230101,20230630,66,"카트,안내,친절,직원,매연,최악,사고,연식,재미,코스",10,"친절,재미",2,최악,1
공연전시,테디베어박물관,제주 서귀포시 중문관광로110번길 31,KAKAO,20230101,20230630,68,"인형,입장료,베어,테디베어,야외,세계,비스포크,직원,마인드,상대",10,,0,,0
공연전시,헬로키티아일랜드,제주 서귀포시 안덕면 한창로 340,KAKAO,20230101,20230630,57,"포토,타임,기대,성인,가격,지난번,방문,여왕키티,충격,폐지",10,기대,1,"충격,폐지",2
공연전시,피규어뮤지엄제주,제주 서귀포시 안덕면 한창로 243,KAKAO,20230101,20230630,80,"성인,무료입장,마블,상전,방문,티켓,아이,서류,표정,직원",10,,0,,0
공연전시,제주난타,제주 제주시 선돌목동길 56-26,KAKAO,20230101,20230630,100,"공연,관람,종합,전용,극장,시간,코로나,보세,남자,고등학생",10,,0,,0
공연전시,스카이워터쇼,제주 제주시 구좌읍 번영로 2172-80,KAKAO,20230101,20230630,87,"공연,시간,감동,제주,서커스,추천,사진,노력,예술,직원",10,"감동,추천,노력",3,,0
기타,제주산방산탄산온천,제주 서귀포시 안덕면 사계북로41번길 192,KAKAO,20230101,20230630,81,"온천,탄산,노천,목욕탕,찜질방,야외,힐링,실내,동네,수준",10,힐링,1,,0
기타,오설록 티 뮤지엄,제주 서귀포시 안덕면 신화역사로 15,KAKAO,20230101,20230630,81,"녹차,아이스크림,제주,이니스프리,공간,오설록,공사,카페,건물,사진",10,,0,,0
기타,명월국민학교,제주 제주시 한림읍 명월로 48,KAKAO,20230101,20230630,68,"커피,사진,주문,생각,폐교,수준,상업,장소,직원,강제",10,,0,강제,1
레저관광,서귀포잠수함,제주 서귀포시 남성중로 40,KAKAO,20230101,20230630,62,"자리,잠수함,사진,아이,낭비,방문,물고기,난리,유료,가족",10,,0,난리,1
레저관광,제주 레일바이크,제주 제주시 구좌읍 용눈이오름로 641,KAKAO,20230101,20230630,27,"동물,레일바이크,상태,자체,노후,시설,관리,자동,최악,할인",10,,0,최악,1
레저관광,제주레포츠랜드,제주 제주시 조천읍 와흘상서2길 47,KAKAO,20230101,20230630,95,"카트,서바이벌,친절,체험,제주도,다음,아이,레포츠,제주,시설",10,친절,1,,0
레저관광,제주제트,제주 서귀포시 대포로 172-5,KAKAO,20230101,20230630,100,"전화,예약,경험,오후,당일,인원,출항,시간,직원,친절",10,친절,1,,0
키즈,뽀로로&타요테마파크 제주,제주 서귀포시 안덕면 병악로 269,KAKAO,20230101,20230630,80,"아이,입장료,뽀로로,성인,어른,아기,가격,공연,나중,공간",10,,0,,0
키즈,아쿠아플라넷 제주,제주 서귀포시 성산읍 섭지코지로 95,KAKAO,20230101,20230630,77,"시간,공연,볼거리,시설,아이,사진,수족관,가격,서커스,아쿠아리움",10,,0,,0
테마파크,라온 더마파크,제주 제주시 한림읍 월림7길 155,KAKAO,20230101,20230630,67,"체험,동시,승마,제주,공연,카트,환불,생각,후기,입장료",10,,0,,0
테마파크,메이즈랜드,제주 제주시 구좌읍 비자림로 2134-47,KAKAO,20230101,20230630,86,"미로,생각,아이,관리,입장료,박물관,공간,볼거리,부분,나무",10,,0,,0
테마파크,여미지식물원,제주 서귀포시 중문관광로 93,KAKAO,20230101,20230630,69,"관리,식물,날씨,규모,아이,전망대,야외,유지,느낌,예전",10,느낌,1,,0
테마파크,브릭캠퍼스,제주 제주시 1100로 3047,KAKAO,20230101,20230630,73,"레고,작품,이름,블랙아웃,사진,좌측,엄마,아빠,아기,식구",10,,0,,0
테마파크,일출랜드,제주 서귀포시 성산읍 중산간동로 4150-30,KAKAO,20230101,20230630,46,"갈바,허브,동산,가세,관리",5,,0,,0
테마파크,상효원,제주 서귀포시 산록남로 2847-37,KAKAO,20230101,20230630,87,"기차,포토존,생각,산책,시간,아이,이용,문의,근처,수목원",10,,0,,0
테마파크,소인국테마파크,제주 서귀포시 안덕면 중산간서로 1878,KAKAO,20230101,20230630,95,"규모,현대,소망,제기,깔끔,열차",6,"소망,깔끔",2,,0
테마파크,스누피가든,제주 제주시 구좌읍 금백조로 930,KAKAO,20230101,20230630,93,"스누피,입장료,가든,포토존,볼거리,실외,사진,스탬프,추천,날씨",10,추천,1,,0
테마파크,신화테마파크제주,제주 서귀포시 안덕면 신화역사로304번길 38,KAKAO,20230101,20230630,77,"아이,세기,문제,티켓,투숙객,나약,인간,감당,놀이공원,아우라",10,,0,문제,1
테마파크,제주돌문화공원,제주 제주시 조천읍 남조로 2023,KAKAO,20230101,20230630,86,"광기,문화,제주,공간,해설사,공원,아래,후기,제주도,구현",10,,0,,0
테마파크,제주민속촌,제주 서귀포시 표선면 민속해안로 631-34,KAKAO,20230101,20230630,62,"중간,공연,초가집,민속촌,구경,아이,산책,볼거리,거리,애기",10,,0,,0
테마파크,카멜리아힐,제주 서귀포시 안덕면 병악로 166,KAKAO,20230101,20230630,69,"수국,동백꽃,입장료,동백,방문,사진,시기,휠체어,코스,계절",10,,0,,0
테마파크,한림공원,제주 제주시 한림읍 한림로 300,KAKAO,20230101,20230630,91,"입장료,생각,공작,동굴,볼거리,구경,식물,만족,매화,정도",10,만족,1,,0
테마파크,제주허브동산,제주 서귀포시 표선면 돈오름로 170,KAKAO,20230101,20230630,75,"족욕,체험,신분증,오늘,제시,본인,실수,허브,동산,사진",10,,0,실수,1
테마파크,화조원,제주 제주시 애월읍 애원로 804,KAKAO,20230101,20230630,74,"알파카,동물,공연,아이,입장료,체험,가까이,입장,시간,맹금류",10,,0,,0
공연전시,이중섭미술관,제주 서귀포시 이중섭로 27-3,KAKAO,20230101,20230630,82,"이중섭,그림,작품,작가,공간,전시,미술관,가족,후기,생각",10,,0,,0
자연,비자림,제주 제주시 구좌읍 비자숲길 55,KAKAO,20230101,20230630,93,"산책,정도,비자,코스,힐링,방문,제주,추천,자연,피톤치드",10,"힐링,추천",2,,0
자연,만장굴,제주 제주시 구좌읍 만장굴길 182,KAKAO,20230101,20230630,80,"동굴,만장,발견,초딩,바닥,관광,방문,자연,세계,탐험",10,,0,,0
자연,성산일출봉,제주 서귀포시 성산읍 성산리 1,KAKAO,20230101,20230630,94,"일출,일출봉,성산,명소,제주,여행,예약,장소,경관,무료입장",10,,0,,0
기타,삼성혈,제주 제주시 삼성로 22,KAKAO,20230101,20230630,87,"벚꽃,방문,산책,제주,사진,입장료,바람,시간,이상,휴식",10,휴식,1,,0
레저관광,마라도가는여객선,제주 서귀포시 대정읍 송악관광로 424,KAKAO,20230101,20230630,100,"이용,마라도,송악산,여객선,시간,바다,마지막,최고,편성,근처",10,,0,,0
자연,산양큰엉곶,제주 제주시 한경면 청수리 956-6,KAKAO,20230101,20230630,76,"관광지,버스,산책,입장료,순환,할인,중간,포토스팟,동물,꼬맹이",10,,0,,0
테마파크,방림원,제주 제주시 한경면 용금로 864,KAKAO,20230101,20230630,40,"생각,무료,개방,돈아까비,장사,이유,경험",7,,0,,0
테마파크,제주무민랜드,제주 서귀포시 안덕면 병악로 420,KAKAO,20230101,20230630,75,"무민,친절,체험,직원,카페,생각,아이,만족,방학,기간",10,"친절,만족",2,,0
테마파크,다이나믹메이즈제주,제주 서귀포시 표선면 번영로 2644,KAKAO,20230101,20230630,20,,1,,0,,0
공연전시,감귤박물관,제주 서귀포시 효돈순환로 441,KAKAO,20230101,20230630,100,"감귤,피자,기대,체험,공사,온실,무료,개방,최고,경험",10,기대,1,,0
테마파크,에코랜드,제주 제주시 조천읍 번영로 1278-169,KAKAO,20230101,20230630,65,"기차,입장료,제주,여름,날씨,동절기,상태,건강,신경,산책",10,,0,,0
공연전시,숨도,제주 서귀포시 일주동로 8941,KAKAO,20230101,20230630,73,"방문,시간,예매,사용,가능,쇼핑,구경,중간,카페,포토존",10,,0,,0
공연전시,제주해양동물박물관,제주 서귀포시 성산읍 서성일로 689-21,KAKAO,20230101,20230630,88,"어른,이하,방문,애기,시간,동물,친절,문제,평점,관람",10,친절,1,문제,1
공연전시,그리스신화박물관,제주 제주시 한림읍 광산로 942,KAKAO,20230101,20230630,60,"그리스,신화,크기,구경,주변,공사,야외,시설,낙후,로마",10,,0,,0
기타,섬타르,제주 제주시 다랑곶1길 9,KAKAO,20230101,20230630,51,"타르트,친절,메뉴,후기,가게,선물,추천,직원,카페,디져트",10,"친절,추천",2,,0
기타,망고레이섭지코지점,제주 서귀포시 성산읍 신양로 102,KAKAO,20230101,20230630,100,"망고,애플,빙수,마진,얼음,가격,양도,필리핀,영업,친절",10,친절,1,,0
레저관광,걸리버여행기,제주 제주시 우도면 우도로 1,KAKAO,20230101,20230630,35,"후기,보고,네이버,예약,별일,하우,목동,픽업,감사,사이드카",10,,0,,0
레저관광,산방산유람선,제주 서귀포시 안덕면 화순해안로106번길 16,KAKAO,20230101,20230630,60,"아저씨,멀미,통통배,수준,바이킹,단체,여행객,아줌마,입담,육지",10,,0,,0
레저관광,제주실탄사격장,제주 서귀포시 소보리당로164번길 62,KAKAO,20230101,20230630,65,"실탄,시간,친절,가족,비탄,마감,카운터,직원,오빠,칭찬",10,"친절,칭찬",2,,0
레저관광,중문오프로드체험장,제주 서귀포시 상예로 349,KAKAO,20230101,20230630,100,"친절,코스,일행,강사,감사,추억",6,"친절,추억",2,,0
레저관광,중문카트,제주 서귀포시 일주서로 1114,KAKAO,20230101,20230630,100,"코너,이니셜,빙의,본인,운전면허,소지자",6,,0,,0
체험,세별헤이요목장,제주특별자치도 제주시 애월읍 평화로 1529,KAKAO,20230101,20230630,60,"냄새,동물,화장실,입장,관리자,관리,동물원,앵무새,오물,기절",10,,0,,0
키즈,액트몬,제주 서귀포시 중문관광로 205,KAKAO,20230101,20230630,80,"게임,스트레스,오락실,제주,인형,위치,시내,진정,방문,의사",10,진정,1,스트레스,1
키즈,제주코코몽에코파크,제주 서귀포시 남원읍 태위로 536 제주코코몽에코파크,KAKAO,20230101,20230630,75,"놀이터,주차,사이,코코몽,동물,식물,바다,야외,실내,날씨",10,,0,,0
테마파크,생각하는정원,제주 제주시 한경면 녹차분재로 675,KAKAO,20230101,20230630,53,"입장료,정원,분재,제주도,벌레,생각,열정,필요,주인,할아버지",10,열정,1,,0
테마파크,훈데르트바서파크,제주 제주시 우도면 우도해안길 32-12,KAKAO,20230101,20230630,55,"우도,훈데르트바서,전시회,양식,조화,풍경,건물,비만,인상,미술관",10,,0,,0
테마파크,액티브파크,제주 제주시 한림읍 금능남로 76 ,KAKAO,20230101,20230630,88,"직원,친절,아이,기분,클라이밍,정도,카페,코로나,소독제,비치",10,친절,1,,0
테마파크,베니스랜드,제주 서귀포시 성산읍 난산리 2575,KAKAO,20230101,20230630,70,"성산,주변,리뷰,평점,남자,친구,시간,동안,직원,친절",10,친절,1,,0
자연,천제연폭포,제주 서귀포시 천제연로 132 천제연폭포관리소,KAKAO,20230101,20230630,85,"폭포,추천,정도,계단,레벨,사진,평소,내리막길,오르막길,경사",10,추천,1,,0
자연,용머리해안,제주 서귀포시 안덕면 사계리 112-3,KAKAO,20230101,20230630,94,"확인,추천,시간,날씨,사진,입장,산방산,만족,정도,해안",10,"추천,만족",2,,0
자연,정방폭포,제주 서귀포시 칠십리로214번길 37,KAKAO,20230101,20230630,90,"폭포,바다,계단,최고,여름,체력,예술,장관,신발,바닷가",10,,0,,0
자연,대포주상절리,제주 서귀포시 이어도로 36-24,KAKAO,20230101,20230630,78,"공사,주차,핫도그,데크,중요,포인트,제주,여행,이틀,무료",10,,0,,0
기타,더힐링타임,제주 제주시 서해안로 652,KAKAO,20230101,20230630,98,"힐링,피로,족욕,여행,설명,친절,제주,카페,체험,시간",10,"힐링,친절",2,피로,1
기타,신화월드 랜딩다이닝,제주 서귀포시 안덕면 신화역사로304번길 38 랜딩관 제주신화월드 호텔앤리조트 G층,KAKAO,20230101,20230630,77,"뷔페,그랜드,다이닝,제주도,생각함메종글래드,다정,하얏트,키친,신화,월드",10,다정,1,,0
기타,신화월드 스카이 온 파이브 다이닝,제주 서귀포시 안덕면 신화역사로304번길 38 메리어트관 제주신화월드 호텔앤리조트 5층,KAKAO,20230101,20230630,84,"음식,종류,고기,뷔페,와인,맥주,디저트,할인,인상,바가지",10,,0,,0
레저관광,고스트타운,제주 제주시 애월읍 부룡수길 35-12,KAKAO,20230101,20230630,60,"시간,데드프리즌,게임,고스트,하우스",5,,0,,0
레저관광,제주씨월드(우도잠수함),제주 서귀포시 성산읍 성산등용로 112-7,KAKAO,20230101,20230630,73,"사진,공짜,권장,잠수함,산호,서식지,파괴,위험,해안,도로",10,,0,"파괴,위험",2
자연,천지연폭포,제주 서귀포시 천지동 667-7,KAKAO,20230101,20230630,90,"폭포,천제,오리,산책,코스,사진,어치,구경거리,가격,등산",10,,0,,0
기타,제주그림카페,제주 서귀포시 안덕면 녹차분재로 218,KAKAO,20230101,20230630,100,"커피,기대,박물관,이색,이상,분위기,신비,사진,사장,서비스",10,"기대,신비",2,,0
기타,난드르깡통구이,제주 서귀포시 안덕면 대평감산로 14,KAKAO,20230101,20230630,92,"고기,직원,돼지,흑돼지,김치찌개,친절,육즙,마시써,댓글,알바",10,친절,1,,0
공연전시,고흐의 정원,제주 서귀포시 성산읍 삼달신풍로 126-5,GOOGLE,20230101,20230630,88,"파충류,체험,고흐,친절,사진,이용,그림,직원,정원,작품",10,친절,1,,0
공연전시,빛의벙커,제주 서귀포시 성산읍 고성리 2039-22,GOOGLE,20230101,20230630,85,"작품,음악,그림,전시,감상,생각,관람,세잔,제주,방문",10,,0,,0
공연전시,세계자동차박물관,제주 서귀포시 안덕면 중산간서로 1610,GOOGLE,20230101,20230630,88,"피아노,자동차,사슴,아이,박물관,전시,체험,먹이,당근,어른",10,,0,,0
공연전시,아리랑공연장,제주 서귀포시 표선면 번영로 2564-21,GOOGLE,20230101,20230630,85,"공연,태권도,최고,난타,제주도,시범,사진,우리나라,호응,여행",10,,0,,0
공연전시,건강과성박물관,제주 서귀포시 안덕면 일주서로 1611,GOOGLE,20230101,20230630,80,"박물관,시간,방문,부분,예술,이상,영어,정보,구경,추천",10,추천,1,,0
레저관광,윈드1947카트 테마파크,제주 서귀포시 토평공단로 78-27,GOOGLE,20230101,20230630,82,"카트,코스,아이,매연,시간,서바이벌,예약,위험,브레이크,바퀴",10,,0,위험,1
공연전시,테디베어박물관,제주 서귀포시 중문관광로110번길 31,GOOGLE,20230101,20230630,83,"테디베어,테디,방문,역사,인형,박물관,베어,입장료,아이,생각",10,,0,,0
공연전시,점보빌리지,제주 서귀포시 안덕면 평화로319번길 31-11,GOOGLE,20230101,20230630,79,"코끼리,아이,추천,공연,재미,태국,가족,바나나,소리,동남아",10,"추천,재미",2,,0
공연전시,헬로키티아일랜드,제주 서귀포시 안덕면 한창로 340,GOOGLE,20230101,20230630,83,"아이,키티,사진,헬로키티,카페,시간,어른,방문,장소,여자",10,,0,,0
공연전시,피규어뮤지엄제주,제주 서귀포시 안덕면 한창로 243,GOOGLE,20230101,20230630,90,"피규어,아이,생각,종류,전시,마블,디즈니,볼거리,영화,사진",10,,0,,0
공연전시,제주난타,제주 제주시 선돌목동길 56-26,GOOGLE,20230101,20230630,93,"공연,좌석,난타,관람,아이,추천,에너지,제주,방문,극장",10,"추천,에너지",2,,0
공연전시,스카이워터쇼,제주 제주시 구좌읍 번영로 2172-80,GOOGLE,20230101,20230630,87,"공연,시간,서커스,사진,다이빙,느낌,방문,박수,생각,퍼포먼스",10,느낌,1,,0
기타,제주산방산탄산온천,제주 서귀포시 안덕면 사계북로41번길 192,GOOGLE,20230101,20230630,84,"온천,탄산,야외,노천,실내,이용,피로,느낌,목욕탕,수영복",10,느낌,1,피로,1
기타,오설록 티 뮤지엄,제주 서귀포시 안덕면 신화역사로 15,GOOGLE,20230101,20230630,84,"녹차,카페,아이스크림,공사,사진,이니스프리,방문,박물관,제품,제주",10,,0,,0
기타,명월국민학교,제주 제주시 한림읍 명월로 48,GOOGLE,20230101,20230630,83,"카페,추억,분위기,커피,학교,국민학교,사진,운동장,아이,공간",10,추억,1,,0
레저관광,김녕요트투어,제주 제주시 구좌읍 구좌해안로 229-16,GOOGLE,20230101,20230630,88,"요트,맥주,낚시,친절,사진,날씨,돌고래,무지개,낭만,스텝",10,친절,1,,0
레저관광,서귀포잠수함,제주 서귀포시 남성중로 40,GOOGLE,20230101,20230630,89,"잠수함,경험,바다,아이,시간,가격,가족,산호,사진,추억",10,추억,1,,0
레저관광,제주 레일바이크,제주 제주시 구좌읍 용눈이오름로 641,GOOGLE,20230101,20230630,77,"동물,자동,레일바이크,레일,풍경,경험,경치,시간,페달,여행",10,,0,,0
레저관광,제주레포츠랜드,제주 제주시 조천읍 와흘상서2길 47,GOOGLE,20230101,20230630,94,"카트,서바이벌,친절,제주,제주도,친구,직원,레포츠,아이,다음",10,친절,1,,0
레저관광,제주제트,제주 서귀포시 대포로 172-5,GOOGLE,20230101,20230630,91,"스릴,주상절리,보트,경험,제트,추천,절경,사진,만족,풍경",10,"추천,만족",2,,0
키즈,뽀로로&타요테마파크 제주,제주 서귀포시 안덕면 병악로 269,GOOGLE,20230101,20230630,89,"아이,뽀로로,시간,놀이,기구,가격,실내,아기,하루,음식",10,,0,,0
키즈,아쿠아플라넷 제주,제주 서귀포시 성산읍 섭지코지로 95,GOOGLE,20230101,20230630,91,"공연,아이,수족관,시간,추천,아쿠아리움,제주,할인,물고기,방문",10,추천,1,,0
테마파크,라온 더마파크,제주 제주시 한림읍 월림7길 155,GOOGLE,20230101,20230630,91,"공연,기마,승마,최고,체험,카트,아이,제주도,고구려,사진",10,,0,,0
테마파크,메이즈랜드,제주 제주시 구좌읍 비자림로 2134-47,GOOGLE,20230101,20230630,86,"미로,생각,아이,시간,퍼즐,방문,박물관,재미,바람,실내",10,재미,1,,0
테마파크,여미지식물원,제주 서귀포시 중문관광로 93,GOOGLE,20230101,20230630,79,"식물원,정원,식물,온실,실내,관리,방문,다양,야외,전망대",10,,0,,0
테마파크,브릭캠퍼스,제주 제주시 1100로 3047,GOOGLE,20230101,20230630,90,"레고,작품,아이,시간,만족,생각,제주,브릭캠퍼스,사진,블럭",10,만족,1,,0
테마파크,일출랜드,제주 서귀포시 성산읍 중산간동로 4150-30,GOOGLE,20230101,20230630,86,"산책,미천,동굴,장소,식물,볼거리,정원,관리,다양,부모",10,,0,,0
테마파크,상효원,제주 서귀포시 산록남로 2847-37,GOOGLE,20230101,20230630,82,"기차,정원,산책,방문,나무,휠체어,가족,친절,시간,이용",10,친절,1,,0
테마파크,소인국테마파크,제주 서귀포시 안덕면 중산간서로 1878,GOOGLE,20230101,20230630,76,"아이,사진,세계,시간,제주,기대,방문,장소,산책,기념품",10,기대,1,,0
테마파크,스누피가든,제주 제주시 구좌읍 금백조로 930,GOOGLE,20230101,20230630,92,"스누피,사진,정원,아이,산책,시간,캐릭터,장소,만화,추천",10,추천,1,,0
테마파크,신화테마파크제주,제주 서귀포시 안덕면 신화역사로304번길 38,GOOGLE,20230101,20230630,82,"아이,놀이,기구,공원,테마파크,시설,시간,신화,자유,이용권",10,자유,1,,0
테마파크,제주돌문화공원,제주 제주시 조천읍 남조로 2023,GOOGLE,20230101,20230630,89,"제주,공원,방문,박물관,시간,문화,이해,자연,화산,산책",10,이해,1,,0
테마파크,제주민속촌,제주 서귀포시 표선면 민속해안로 631-34,GOOGLE,20230101,20230630,83,"제주,민속촌,마을,방문,입장료,관리,볼거리,시간,장소,전통",10,,0,,0
테마파크,카멜리아힐,제주 서귀포시 안덕면 병악로 166,GOOGLE,20230101,20230630,85,"동백,동백꽃,수국,사진,정원,산책,겨울,방문,추천,입장료",10,추천,1,,0
테마파크,한림공원,제주 제주시 한림읍 한림로 300,GOOGLE,20230101,20230630,91,"공원,식물,동굴,정원,다양,장소,입장료,방문,동물,볼거리",10,,0,,0
테마파크,제주허브동산,제주 서귀포시 표선면 돈오름로 170,GOOGLE,20230101,20230630,88,"족욕,추천,저녁,방문,시간,허브,입장,야간,가능,정원",10,추천,1,,0
테마파크,화조원,제주 제주시 애월읍 애원로 804,GOOGLE,20230101,20230630,91,"아이,먹이,알파카,체험,공연,추천,방문,앵무새,아기,장소",10,추천,1,,0
공연전시,이중섭미술관,제주 서귀포시 이중섭로 27-3,GOOGLE,20230101,20230630,85,"이중섭,작품,화가,미술관,그림,작가,전시,제주,시간,편지",10,,0,,0
자연,비자림,제주 제주시 구좌읍 비자숲길 55,GOOGLE,20230101,20230630,93,"산책,비자나무,비자,나무,공기,자연,시간,신비,장소,마음",10,신비,1,,0
자연,만장굴,제주 제주시 구좌읍 만장굴길 182,GOOGLE,20230101,20230630,87,"동굴,용암,방문,자연,바닥,경험,흥미,내부,조심,조명",10,흥미,1,,0
자연,성산일출봉,제주 서귀포시 성산읍 성산리 1,GOOGLE,20230101,20230630,92,"정상,일출봉,무료,성산,방문,전망,제주,계단,제주도,풍경",10,,0,,0
자연,서귀포치유의숲,제주 서귀포시 산록남로 2271,GOOGLE,20230101,20230630,94,"치유,예약,힐링,산책,시간,방문,추천,숲길,나무,입장",10,"치유,힐링,추천",3,,0
공연전시,아프리카박물관,제주 서귀포시 이어도로 49,GOOGLE,20230101,20230630,72,"아프리카,문화,느낌,사진,동물,아이,경험,전시,박물관,입장료",10,느낌,1,,0
공연전시,초콜릿랜드,제주 서귀포시 중문관광로110번길 15,GOOGLE,20230101,20230630,57,"체험,초콜릿,아이,마카롱,친절,제품,최악,수업,시간,장소",10,친절,1,최악,1
기타,삼성혈,제주 제주시 삼성로 22,GOOGLE,20230101,20230630,88,"벚꽃,제주,나무,삼성혈,장소,역사,입장료,제주도,방문,여행",10,,0,,0
레저관광,마라도가는여객선,제주 서귀포시 대정읍 송악관광로 424,GOOGLE,20230101,20230630,85,"마라도,예약,남단,선착장,송악산,주차,구입,주차장,마라,여객선",10,,0,,0
자연,산양큰엉곶,제주 제주시 한경면 청수리 956-6,GOOGLE,20230101,20230630,90,"산책,사진,반딧불이,반딧불,곶자왈,아이,시간,축제,정비,코스",10,,0,,0
테마파크,방림원,제주 제주시 한경면 용금로 864,GOOGLE,20230101,20230630,87,"정원,개인,생각,야생화,구경,중국,식물,제주,부부,나무",10,,0,,0
테마파크,제주무민랜드,제주 서귀포시 안덕면 병악로 420,GOOGLE,20230101,20230630,92,"무민,아이,카페,사진,캐릭터,생각,제주,방문,관람,전시",10,,0,,0
테마파크,다이나믹메이즈제주,제주 서귀포시 표선면 번영로 2644,GOOGLE,20230101,20230630,82,"아이,탈출,체험,도민,확인,생각,결재,시간,가족,직원",10,,0,,0
공연전시,감귤박물관,제주 서귀포시 효돈순환로 441,GOOGLE,20230101,20230630,78,"공사,체험,리모델링,무료,박물관,감귤,일부,사진,구경,방문",10,,0,,0
테마파크,에코랜드,제주 제주시 조천읍 번영로 1278-169,GOOGLE,20230101,20230630,89,"기차,에코랜드,방문,공원,아이,여유,제주,날씨,산책,다음",10,여유,1,,0
공연전시,숨도,제주 서귀포시 일주동로 8941,GOOGLE,20230101,20230630,86,"카페,수국,정원,입장료,마지막,추천,식물,사진,생각,나무",10,추천,1,,0
공연전시,제주유리박물관,제주 서귀포시 중산간서로 1403,GOOGLE,20230101,20230630,82,"체험,유리,어린이,청소년,작가,뒤편,부지,정원,설치,작품",10,,0,,0
공연전시,제주해양동물박물관,제주 서귀포시 성산읍 서성일로 689-21,GOOGLE,20230101,20230630,94,"아이,친절,해양,설명,내부,전시물,박제,체험,동물,실제",10,친절,1,,0
공연전시,그리스신화박물관,제주 제주시 한림읍 광산로 942,GOOGLE,20230101,20230630,78,"아이,그리스,신화,트릭아트,박물관,사진,재미,생각,트릭,패스",10,재미,1,,0
기타,섬타르,제주 제주시 다랑곶1길 9,GOOGLE,20230101,20230630,88,"타르트,감동,제주도,방문,과일,크림,지갑,다이어트,망고,단호박",10,감동,1,,0
기타,망고레이섭지코지점,제주 서귀포시 성산읍 신양로 102,GOOGLE,20230101,20230630,85,"망고,아이스크림,제주도,방문,가격,최고,생각,친절,외국인,직원",10,친절,1,,0
레저관광,걸리버여행기,제주 제주시 우도면 우도로 1,GOOGLE,20230101,20230630,80,,1,,0,,0
레저관광,산방산유람선,제주 서귀포시 안덕면 화순해안로106번길 16,GOOGLE,20230101,20230630,90,"풍경,산방산,용머리,해안,주상절리,해안가,포인트,마이크,해설,가이드",10,,0,,0
레저관광,제주바다체험장,제주 제주시 구좌읍 동복리 608-3,GOOGLE,20230101,20230630,60,"낚시,손맛,최고",3,,0,,0
레저관광,제주실탄사격장,제주 서귀포시 소보리당로164번길 62,GOOGLE,20230101,20230630,80,"사격,모습,경험,의의,총기,권총,파지,옛날,방식,강요",10,,0,,0
레저관광,중문오프로드체험장,제주 서귀포시 상예로 349,GOOGLE,20230101,20230630,90,"친절,직원,경험,당근,재미,서비스,중국어,의사소통,가능,백록담",10,"친절,재미",2,,0
레저관광,중문카트,제주 서귀포시 일주서로 1114,GOOGLE,20230101,20230630,90,"직원,친절,네이버,할인,부담,카트",6,친절,1,부담,1
체험,세별헤이요목장,제주특별자치도 제주시 애월읍 평화로 1529,GOOGLE,20230101,20230630,60,"동물,일부,무료,로밍,애호가,자신,안정,목줄,마찬가지,대부분",10,안정,1,,0
키즈,서프라이즈테마파크,제주 제주시 조천읍 남조로 2243,GOOGLE,20230101,20230630,82,"아이,생각,작품,장소,사진,케릭,트랜스포머,야간,기대,영화",10,기대,1,,0
키즈,액트몬,제주 서귀포시 중문관광로 205,GOOGLE,20230101,20230630,81,"게임,시간,아이,오락실,오락,코인,생각,느낌,노래방,고장",10,느낌,1,,0
키즈,제주코코몽에코파크,제주 서귀포시 남원읍 태위로 536 제주코코몽에코파크,GOOGLE,20230101,20230630,87,"아이,가격,놀이,레스토랑,장소,다양,가성비,기구,문제,친절",10,친절,1,문제,1
테마파크,블루마운틴4255,제주 서귀포시 성산읍 중산간동로 4255,GOOGLE,20230101,20230630,87,"족욕,커피,여행,제주,피곤,체험,경험,프로그램,참여,이때",10,,0,피곤,1
테마파크,생각하는정원,제주 제주시 한경면 녹차분재로 675,GOOGLE,20230101,20230630,87,"분재,방문,공원,나무,추천,철학,식물,관심,정신,가치",10,"추천,가치",2,,0
테마파크,쇠소깍산물관광농원,제주 서귀포시 남원읍 하례로 90,GOOGLE,20230101,20230630,83,"사진,물건,나무,아이,제주,구경,제주패스,교환,천혜,장소",10,,0,,0
테마파크,훈데르트바서파크,제주 제주시 우도면 우도해안길 32-12,GOOGLE,20230101,20230630,86,"예술,우도,카페,건축,환경,운동가,이해,풍경,매료,나라",10,이해,1,,0
테마파크,액티브파크,제주 제주시 한림읍 금능남로 76 ,GOOGLE,20230101,20230630,90,"아이,카트,시간,클라이밍,체험,예약,네이버,방문,필수,사전",10,,0,,0
테마파크,베니스랜드,제주 서귀포시 성산읍 난산리 2575,GOOGLE,20230101,20230630,72,"베니스,조경,테마파크,유지,보수,최소,실망,실제,동물,플라스틱",10,,0,실망,1
자연,천제연폭포,제주 서귀포시 천제연로 132 천제연폭포관리소,GOOGLE,20230101,20230630,87,"폭포,계단,다리,방문,사진,자연,산책,시간,제주도,천제",10,,0,,0
자연,용머리해안,제주 서귀포시 안덕면 사계리 112-3,GOOGLE,20230101,20230630,89,"해안,사진,입장,방문,확인,바다,용머리,제주,물때,시간",10,,0,,0
자연,정방폭포,제주 서귀포시 칠십리로214번길 37,GOOGLE,20230101,20230630,89,"폭포,바다,계단,입장료,바위,방문,사진,정방폭포,제주,제주도",10,,0,,0
자연,대포주상절리,제주 서귀포시 이어도로 36-24,GOOGLE,20230101,20230630,81,"공사,주상절리,방문,사진,무료,절벽,자연,시간,제주,장소",10,,0,,0
기타,더힐링타임,제주 제주시 서해안로 652,GOOGLE,20230101,20230630,76,"족욕,영어,피로,체험,경험,여행,패키지,공항,느낌,단체",10,느낌,1,피로,1
기타,신화월드 랜딩다이닝,제주 서귀포시 안덕면 신화역사로304번길 38 랜딩관 제주신화월드 호텔앤리조트 G층,GOOGLE,20230101,20230630,89,"부페,서울,요즘,얘기,호텔,음식,신화,이용,조식,뷔페",10,,0,,0
기타,신화월드 스카이 온 파이브 다이닝,제주 서귀포시 안덕면 신화역사로304번길 38 메리어트관 제주신화월드 호텔앤리조트 5층,GOOGLE,20230101,20230630,84,"메뉴,아이,조식,식사,성급,뷔페,와인,맥주,추천,가짓수",10,추천,1,,0
레저관광,고스트타운,제주 제주시 애월읍 부룡수길 35-12,GOOGLE,20230101,20230630,81,"게임,체험,좀비,단계,구성,자체,추천,사냥,체크,포인트",10,추천,1,,0
레저관광,제주씨월드(우도잠수함),제주 서귀포시 성산읍 성산등용로 112-7,GOOGLE,20230101,20230630,80,"가치,수중,바다,생물,체험",5,가치,1,,0
레저관광,중문승마공원,제주 서귀포시 이어도로 244,GOOGLE,20230101,20230630,81,"체험,아이,직원,친절,코스,경치,문제,관리,승마,가격",10,친절,1,문제,1
자연,천지연폭포,제주 서귀포시 천지동 667-7,GOOGLE,20230101,20230630,89,"폭포,사진,주차장,제주,산책,방문,장소,야간,입장료,어린이",10,,0,,0
기타,제주그림카페,제주 서귀포시 안덕면 녹차분재로 218,GOOGLE,20230101,20230630,85,"카페,커피,음료,방문,그림,인테리어,케이크,친절,음식,독특",10,"친절,독특",2,,0
기타,난드르깡통구이,제주 서귀포시 안덕면 대평감산로 14,GOOGLE,20230101,20230630,91,"고기,돼지,제주도,서비스,친절,만족,맛집,인정,분위기,장소",10,"친절,만족,인정",3,,0
관광호텔업,WE 호텔 제주,제주특별자치도 서귀포시 1100로 453-95,AGODA,20230101,20230630,90,"수영장,친절,조식,힐링,편의점,산책로,산책,여행,직원",9,"수영장,친절,조식,힐링,편의점,산책로,산책,여행",8,직원,1
관광호텔업,WE 호텔 제주,제주특별자치도 서귀포시 1100로 453-95,BOOKING,20230101,20230630,80,"산책로,위치,프로그램,수영장,셔틀,직원,성급,전망,방음",9,"산책로,위치,프로그램,수영장,셔틀",5,"직원,성급,전망,방음",4
관광호텔업,WE 호텔 제주,제주특별자치도 서귀포시 1100로 453-95,GOODCHOICE,20230101,20230630,97,"수영장,여행,객실,친절,프로그램,가격,위치,힐링,조식,직원",10,"수영장,여행,객실,친절,프로그램,가격,위치,힐링,조식",9,직원,1
관광호텔업,WE 호텔 제주,제주특별자치도 서귀포시 1100로 453-95,YANOLJA,20230101,20230630,95,"수영장,편의점,친절,위치,조식,프로그램,진행,천원,힐링",9,"수영장,편의점,친절,위치,조식,프로그램,진행,천원,힐링",9,,0
일반호텔,골든데이지호텔서귀포오션,제주특별자치도 서귀포시 동홍로 7,AGODA,20230101,20230630,87,"위치,시장,가격,조식,올레,친절,주차,주차장,김밥",9,"위치,시장,가격,조식,올레,친절",6,"주차,주차장,김밥",3
일반호텔,골든데이지호텔서귀포오션,제주특별자치도 서귀포시 동홍로 7,BOOKING,20230101,20230630,80,"위치,조식,시장,올레,가격,청결,친절,객실,주차,주차장",10,"위치,조식,시장,올레,가격,청결,친절,객실",8,"주차,주차장",2
일반호텔,골든데이지호텔서귀포오션,제주특별자치도 서귀포시 동홍로 7,GOODCHOICE,20230101,20230630,92,"조식,시장,친절,올레,여행,주차,직원,김밥",8,"조식,시장,친절,올레,여행",5,"주차,직원,김밥",3
일반호텔,골든데이지호텔서귀포오션,제주특별자치도 서귀포시 동홍로 7,YANOLJA,20230101,20230630,85,"시장,위치,친절,객실,올레,주차,주차장,직원",8,"시장,위치,친절,객실,올레",5,"주차,주차장,직원",3
일반호텔,골든튤립제주성산,제주특별자치도 서귀포시 성산읍 일출로 31,AGODA,20230101,20230630,85,"조식,일출봉,가격,위치,친절,여행,식당,주차장,직원,침대",10,"조식,일출봉,가격,위치,친절,여행,식당",7,"주차장,직원,침대",3
일반호텔,골든튤립제주성산,제주특별자치도 서귀포시 성산읍 일출로 31,BOOKING,20230101,20230630,66,"위치,일출봉,조식,식사,객실,부족,침대,청소,주차장,주차",10,"위치,일출봉,조식,식사,객실",5,"부족,침대,청소,주차장,주차",5
일반호텔,골든튤립제주성산,제주특별자치도 서귀포시 성산읍 일출로 31,GOODCHOICE,20230101,20230630,89,"조식,일출봉,친절,객실,가격,주차장,주차,침대",8,"조식,일출봉,친절,객실,가격",5,"주차장,주차,침대",3
일반호텔,골든튤립제주성산,제주특별자치도 서귀포시 성산읍 일출로 31,YANOLJA,20230101,20230630,89,"조식,일출봉,시설,친절,위치,가격,주차장,냄새",8,"조식,일출봉,시설,친절,위치,가격",6,"주차장,냄새",2
관광호텔,그라벨호텔,제주특별자치도 제주시 일주서로 7316,AGODA,20230101,20230630,90,"수영장,위치,가격,친절,루프,조식,공항,온수,직원",9,"수영장,위치,가격,친절,루프,조식,공항,온수",8,직원,1
관광호텔,그라벨호텔,제주특별자치도 제주시 일주서로 7316,BOOKING,20230101,20230630,81,"조식,친절,위치,수영장,루프,객실,시설,직원,샤워,침대",10,"조식,친절,위치,수영장,루프,객실,시설",7,"직원,샤워,침대",3
관광호텔,그라벨호텔,제주특별자치도 제주시 일주서로 7316,GOODCHOICE,20230101,20230630,95,"수영장,조식,친절,제주도,수압,침구,직원,화장실",8,"수영장,조식,친절,제주도,수압,침구",6,"직원,화장실",2
관광호텔,그라벨호텔,제주특별자치도 제주시 일주서로 7316,YANOLJA,20230101,20230630,90,"수영장,친절,공항,위치,청결,루프,시설,직원",8,"수영장,친절,공항,위치,청결,루프,시설",7,직원,1
관광호텔,그랜드 조선 제주,제주특별자치도 서귀포시 중문관광로72번길 60,AGODA,20230101,20230630,94,"친절,수영장,조식,여행,서비스,시설,객실,가족,직원,아기",10,"친절,수영장,조식,여행,서비스,시설,객실,가족",8,"직원,아기",2
관광호텔,그랜드 조선 제주,제주특별자치도 서귀포시 중문관광로72번길 60,BOOKING,20230101,20230630,88,"친절,수영장,시설,조식,객실,서비스,사우나,여행,직원",9,"친절,수영장,시설,조식,객실,서비스,사우나,여행",8,직원,1
관광호텔,그랜드 조선 제주,제주특별자치도 서귀포시 중문관광로72번길 60,GOODCHOICE,20230101,20230630,99,"수영장,친절,조식,시설,객실,서비스,사우나,직원",8,"수영장,친절,조식,시설,객실,서비스,사우나",7,직원,1
관광호텔,그랜드 조선 제주,제주특별자치도 서귀포시 중문관광로72번길 60,YANOLJA,20230101,20230630,98,"친절,서비스,수영장,시설,편안,객실,사우나,직원",8,"친절,서비스,수영장,시설,편안,객실,사우나",7,직원,1
관광호텔,그랜드하얏트 제주,제주특별자치도 제주시 노연로 12,AGODA,20230101,20230630,94,"서비스,시설,조식,수영장,객실,위치,여행,제주도,직원",9,"서비스,시설,조식,수영장,객실,위치,여행,제주도",8,직원,1
관광호텔,그랜드하얏트 제주,제주특별자치도 제주시 노연로 12,BOOKING,20230101,20230630,90,"조식,객실,위치,수영장,공항,시설,야외,서비스,직원,침대",10,"조식,객실,위치,수영장,공항,시설,야외,서비스",8,"직원,침대",2
관광호텔,그랜드하얏트 제주,제주특별자치도 제주시 노연로 12,GOODCHOICE,20230101,20230630,98,"수영장,조식,객실,친절,제주도,시설,야외,서비스,직원",9,"수영장,조식,객실,친절,제주도,시설,야외,서비스",8,직원,1
관광호텔,그랜드하얏트 제주,제주특별자치도 제주시 노연로 12,YANOLJA,20230101,20230630,95,"친절,시설,서비스,객실,조식,수영장,공항,직원",8,"친절,시설,서비스,객실,조식,수영장,공항",7,직원,1
일반호텔,그린트리인 서귀포(그랜드밀리언스),제주 서귀포시 서호중앙로 84,AGODA,20230101,20230630,80,"여행,가격,위치,친절,주차,잠도,욕실",7,"여행,가격,위치,친절",4,"주차,잠도,욕실",3
일반호텔,그린트리인 서귀포(그랜드밀리언스),제주 서귀포시 서호중앙로 84,BOOKING,20230101,20230630,72,"친절,가격,위치,객실,직원,주차장,침대,청소",8,"친절,가격,위치,객실",4,"직원,주차장,침대,청소",4
일반호텔,그린트리인 서귀포(그랜드밀리언스),제주 서귀포시 서호중앙로 84,GOODCHOICE,20230101,20230630,95,"친절,가격,객실,여행,편의점,직원,주차장,주차",8,"친절,가격,객실,여행,편의점",5,"직원,주차장,주차",3
일반호텔,그린트리인 서귀포(그랜드밀리언스),제주 서귀포시 서호중앙로 84,YANOLJA,20230101,20230630,90,"친절,객실,가격,시설,직원,주차,주차장",7,"친절,객실,가격,시설",4,"직원,주차,주차장",3
일반호텔,글로스터 제주,제주특별자치도 제주시 삼무로 57,AGODA,20230101,20230630,88,"위치,공항,가격,친절,조식,객실,직원,주차장,주차",9,"위치,공항,가격,친절,조식,객실",6,"직원,주차장,주차",3
일반호텔,글로스터 제주,제주특별자치도 제주시 삼무로 57,BOOKING,20230101,20230630,75,"공항,친절,위치,시내,가격,숙박,침대,주차장,직원",9,"공항,친절,위치,시내,가격,숙박",6,"침대,주차장,직원",3
일반호텔,글로스터 제주,제주특별자치도 제주시 삼무로 57,GOODCHOICE,20230101,20230630,92,"공항,위치,친절,시설,조식,주차,주차장,직원",8,"공항,위치,친절,시설,조식",5,"주차,주차장,직원",3
일반호텔,글로스터 제주,제주특별자치도 제주시 삼무로 57,YANOLJA,20230101,20230630,87,"공항,시설,위치,친절,접근성,가격,주차,침대",8,"공항,시설,위치,친절,접근성,가격",6,"주차,침대",2
숙박업(생활),금호 제주 리조트,제주특별자치도 서귀포시 남원읍 태위로 522-12,AGODA,20230101,20230630,83,"가격,시설,부대시설,가능,서비스,수건,온돌,관리",8,"가격,시설,부대시설,가능,서비스",5,"수건,온돌,관리",3
숙박업(생활),금호 제주 리조트,제주특별자치도 서귀포시 남원읍 태위로 522-12,BOOKING,20230101,20230630,85,"경관,거리,건물,추가,얘기",5,"경관,거리",2,"건물,추가,얘기",3
숙박업(생활),금호 제주 리조트,제주특별자치도 서귀포시 남원읍 태위로 522-12,GOODCHOICE,20230101,20230630,92,"가족,산책,객실,조식,침구,여행,청결,편의점,침대",9,"가족,산책,객실,조식,침구,여행,청결,편의점",8,침대,1
숙박업(생활),금호 제주 리조트,제주특별자치도 서귀포시 남원읍 태위로 522-12,YANOLJA,20230101,20230630,86,"여행,가족,객실,산책,친절,조식,위치,모델링",8,"여행,가족,객실,산책,친절,조식,위치",7,모델링,1
숙박업(생활),노형호텔,제주특별자치도 제주시 수덕1길 7,AGODA,20230101,20230630,82,"공항,위치,시설,시내,가격,방음,모텔,주차,주차장",9,"공항,위치,시설,시내,가격",5,"방음,모텔,주차,주차장",4
숙박업(생활),노형호텔,제주특별자치도 제주시 수덕1길 7,BOOKING,20230101,20230630,81,"공항,침구,위치,전반,건물,냄새,중심,포기",8,"공항,침구,위치,전반",4,"건물,냄새,중심,포기",4
숙박업(생활),노형호텔,제주특별자치도 제주시 수덕1길 7,GOODCHOICE,20230101,20230630,95,"가족,친절,여행,편안,제주도,엄마,공항,주차장,방음",9,"가족,친절,여행,편안,제주도,엄마,공항",7,"주차장,방음",2
숙박업(생활),노형호텔,제주특별자치도 제주시 수덕1길 7,YANOLJA,20230101,20230630,94,"친절,위치,가격,공항,한라산,자전거,최대한,고지",8,"친절,위치,가격,공항,한라산,자전거,최대한",7,고지,1
관광호텔,다인리조트,제주특별자치도 제주시 애월읍 애월해안로 400-9,AGODA,20230101,20230630,84,"시설,바다,위치,친절,가족,라이브,편의점,애월,직원",9,"시설,바다,위치,친절,가족,라이브,편의점,애월",8,직원,1
관광호텔,다인리조트,제주특별자치도 제주시 애월읍 애월해안로 400-9,GOODCHOICE,20230101,20230630,98,"친절,바다,시설,청결,직원,금액",6,"친절,바다,시설,청결",4,"직원,금액",2
여관업,담모라 리조트,제주특별자치도 서귀포시 안덕면 일주서로 1975-11,AGODA,20230101,20230630,82,"온천,수영장,가격,숙박,위치,탄산,화장실,침대,건물",9,"온천,수영장,가격,숙박,위치",5,"탄산,화장실,침대,건물",4
여관업,담모라 리조트,제주특별자치도 서귀포시 안덕면 일주서로 1975-11,BOOKING,20230101,20230630,84,"시설,아침,식사,크기,수영장,위치,전망,비용,먼지,공기",10,"시설,아침,식사,크기,수영장,위치",6,"전망,비용,먼지,공기",4
여관업,담모라 리조트,제주특별자치도 서귀포시 안덕면 일주서로 1975-11,GOODCHOICE,20230101,20230630,90,"편의점,가격,친절,수영장,치킨,조식,침대,청소,직원",9,"편의점,가격,친절,수영장,치킨,조식",6,"침대,청소,직원",3
여관업,담모라 리조트,제주특별자치도 서귀포시 안덕면 일주서로 1975-11,YANOLJA,20230101,20230630,93,"가격,시설,친절,위치,수영장,화장실",6,"가격,시설,친절,위치,수영장",5,화장실,1
관광호텔,더 그랜드 섬오름,제주특별자치도 서귀포시 막숙포로 114,AGODA,20230101,20230630,91,"수영장,사우나,위치,시설,가격,조식,여행,친절,직원",9,"수영장,사우나,위치,시설,가격,조식,여행,친절",8,직원,1
관광호텔,더 그랜드 섬오름,제주특별자치도 서귀포시 막숙포로 114,BOOKING,20230101,20230630,85,"수영장,조식,객실,위치,친절,사우나,바다,가격,직원",9,"수영장,조식,객실,위치,친절,사우나,바다,가격",8,직원,1
관광호텔,더 그랜드 섬오름,제주특별자치도 서귀포시 막숙포로 114,GOODCHOICE,20230101,20230630,96,"수영장,신관,여행,친절,조식,바다,가격,본관,직원",9,"수영장,신관,여행,친절,조식,바다,가격",7,"본관,직원",2
관광호텔,더 그랜드 섬오름,제주특별자치도 서귀포시 막숙포로 114,YANOLJA,20230101,20230630,93,"수영장,사우나,시설,조식,수영,바다,산책,아이들",8,"수영장,사우나,시설,조식,수영,바다,산책,아이들",8,,0
일반호텔,더베스트제주성산,제주특별자치도 서귀포시 성산읍 동류암로 26,AGODA,20230101,20230630,84,"위치,가격,일출봉,조식,시설,수건,냄새,주차장,직원",9,"위치,가격,일출봉,조식,시설",5,"수건,냄새,주차장,직원",4
일반호텔,더베스트제주성산,제주특별자치도 서귀포시 성산읍 동류암로 26,BOOKING,20230101,20230630,76,"위치,일출봉,조식,친절,객실,시설,수건,직원,소리,침대",10,"위치,일출봉,조식,친절,객실,시설",6,"수건,직원,소리,침대",4
일반호텔,더베스트제주성산,제주특별자치도 서귀포시 성산읍 동류암로 26,GOODCHOICE,20230101,20230630,92,"객실,여행,친절,가격,일출봉,번창,직원,수건,냄새",9,"객실,여행,친절,가격,일출봉,번창",6,"직원,수건,냄새",3
일반호텔,더베스트제주성산,제주특별자치도 서귀포시 성산읍 동류암로 26,YANOLJA,20230101,20230630,85,"시설,친절,일출봉,가격,소리,방음,화장실,직원",8,"시설,친절,일출봉,가격",4,"소리,방음,화장실,직원",4
숙박업(생활),돔베리조트,제주특별자치도 서귀포시 호근동 1591,AGODA,20230101,20230630,56,"한라산,침구,저녁,퇴근,관리자,전화",6,"한라산,침구,저녁",3,"퇴근,관리자,전화",3
숙박업(생활),돔베리조트,제주특별자치도 서귀포시 호근동 1591,GOODCHOICE,20230101,20230630,60,"컨디션,친절,침대,카운터,이불,사람,라면,리뷰,안보,잘못",10,"컨디션,친절",2,"침대,카운터,이불,사람,라면,리뷰,안보,잘못",8
숙박업(생활),돔베리조트,제주특별자치도 서귀포시 호근동 1591,YANOLJA,20230101,20230630,100,0,0,0,0,0,0
일반호텔,라마다제주시티,제주특별자치도 제주시 중앙로 304,AGODA,20230101,20230630,87,"위치,가격,공항,조식,친절,시내,여행,직원,주차",9,"위치,가격,공항,조식,친절,시내,여행",7,"직원,주차",2
일반호텔,라마다제주시티,제주특별자치도 제주시 중앙로 304,BOOKING,20230101,20230630,75,"위치,친절,공항,조식,객실,직원,주차,주차장,침대",9,"위치,친절,공항,조식,객실",5,"직원,주차,주차장,침대",4
일반호텔,라마다제주시티,제주특별자치도 제주시 중앙로 304,GOODCHOICE,20230101,20230630,92,"친절,위치,객실,공항,편의점,제주도,주차,직원",8,"친절,위치,객실,공항,편의점,제주도",6,"주차,직원",2
일반호텔,라마다제주시티,제주특별자치도 제주시 중앙로 304,YANOLJA,20230101,20230630,88,"공항,친절,위치,시설,접근성,청결,주차,직원",8,"공항,친절,위치,시설,접근성,청결",6,"주차,직원",2
일반호텔,라마다제주함덕,제주특별자치도 제주시 조천읍 신북로 470,AGODA,20230101,20230630,81,"가격,조식,함덕,위치,객실,해변,친절,직원,청소",9,"가격,조식,함덕,위치,객실,해변,친절",7,"직원,청소",2
일반호텔,라마다제주함덕,제주특별자치도 제주시 조천읍 신북로 470,BOOKING,20230101,20230630,76,"친절,위치,센스,만점,업그레이드,소음,사정,프론트,직원,대응",10,"친절,위치,센스,만점,업그레이드",5,"소음,사정,프론트,직원,대응",5
일반호텔,라마다제주함덕,제주특별자치도 제주시 조천읍 신북로 470,GOODCHOICE,20230101,20230630,90,"함덕,객실,여행,조식,친절,해수욕장,직원,침대,화장실",9,"함덕,객실,여행,조식,친절,해수욕장",6,"직원,침대,화장실",3
일반호텔,라마다제주함덕,제주특별자치도 제주시 조천읍 신북로 470,YANOLJA,20230101,20230630,86,"친절,함덕,여행,바다,위치,직원,수건,세탁",8,"친절,함덕,여행,바다,위치",5,"직원,수건,세탁",3
관광호텔,라마다프라자제주호텔,제주특별자치도 제주시 탑동로 66,AGODA,20230101,20230630,89,"공항,여행,친절,조식,위치,수영장,시설,직원,비행기",9,"공항,여행,친절,조식,위치,수영장,시설",7,"직원,비행기",2
관광호텔,라마다프라자제주호텔,제주특별자치도 제주시 탑동로 66,BOOKING,20230101,20230630,80,"조식,공항,객실,시설,위치,서비스,수영장,친절,가족,직원",10,"조식,공항,객실,시설,위치,서비스,수영장,친절,가족",9,직원,1
관광호텔,라마다프라자제주호텔,제주특별자치도 제주시 탑동로 66,GOODCHOICE,20230101,20230630,93,"친절,바다,수영장,객실,조식,피아노,연주,공항,직원,로비",10,"친절,바다,수영장,객실,조식,피아노,연주,공항",8,"직원,로비",2
관광호텔,라마다프라자제주호텔,제주특별자치도 제주시 탑동로 66,YANOLJA,20230101,20230630,92,"친절,시설,바다,공항,서비스,비행기,소리,침대,직원",9,"친절,시설,바다,공항,서비스",5,"비행기,소리,침대,직원",4
관광호텔,롯데시티호텔 제주,제주특별자치도 제주시 도령로 83,AGODA,20230101,20230630,90,"공항,위치,친절,조식,수영장,가격,여행,직원",8,"공항,위치,친절,조식,수영장,가격,여행",7,직원,1
관광호텔,롯데시티호텔 제주,제주특별자치도 제주시 도령로 83,BOOKING,20230101,20230630,83,"조식,친절,공항,위치,청결,시설,수영장,식당,직원",9,"조식,친절,공항,위치,청결,시설,수영장,식당",8,직원,1
관광호텔,롯데시티호텔 제주,제주특별자치도 제주시 도령로 83,GOODCHOICE,20230101,20230630,97,"수영장,친절,조식,제주도,공항,여행,객실,직원,주차",9,"수영장,친절,조식,제주도,공항,여행,객실",7,"직원,주차",2
관광호텔,롯데시티호텔 제주,제주특별자치도 제주시 도령로 83,YANOLJA,20230101,20230630,96,"친절,공항,객실,조식,시설,위치,서비스,직원",8,"친절,공항,객실,조식,시설,위치,서비스",7,직원,1
관광호텔,롯데호텔 제주,제주특별자치도 제주시 도령로 83,AGODA,20230101,20230630,95,"수영장,친절,조식,여행,서비스,시설,가족,온수,부대시설,직원",10,"수영장,친절,조식,여행,서비스,시설,가족,온수,부대시설",9,직원,1
관광호텔,롯데호텔 제주,제주특별자치도 제주시 도령로 83,BOOKING,20230101,20230630,92,"친절,수영장,조식,서비스,청결,시설,중문,직원,청소,침대",10,"친절,수영장,조식,서비스,청결,시설,중문",7,"직원,청소,침대",3
관광호텔,롯데호텔 제주,제주특별자치도 제주시 도령로 83,GOODCHOICE,20230101,20230630,98,"수영장,친절,조식,여행,객실,서비스,제주도,온수,가족,직원",10,"수영장,친절,조식,여행,객실,서비스,제주도,온수,가족",9,직원,1
관광호텔,롯데호텔 제주,제주특별자치도 제주시 도령로 83,YANOLJA,20230101,20230630,97,"친절,서비스,조식,수영장,여행,시설,가격,객실,직원",9,"친절,서비스,조식,수영장,여행,시설,가격,객실",8,직원,1
일반호텔,메리어트관 제주신화월드 호텔앤리조트,제주특별자치도 서귀포시 안덕면 신화역사로304번길 38,AGODA,20230101,20230630,90,"제주도,친절,숙박,중문,여행,위치,크기,직원,응대",9,"제주도,친절,숙박,중문,여행,위치,크기",7,"직원,응대",2
일반호텔,메리어트관 제주신화월드 호텔앤리조트,제주특별자치도 서귀포시 안덕면 신화역사로304번길 38,GOODCHOICE,20230101,20230630,99,"친절,수영장,여행,식당,시설,업그레이드,무료,직원,사용",9,"친절,수영장,여행,식당,시설,업그레이드,무료",7,"직원,사용",2
일반호텔,메리어트관 제주신화월드 호텔앤리조트,제주특별자치도 서귀포시 안덕면 신화역사로304번길 38,YANOLJA,20230101,20230630,100,"친절,객실,완벽,명불허전,직원,프론트",6,"친절,객실,완벽,명불허전",4,"직원,프론트",2
관광호텔,메종글래드제주 ,제주특별자치도 제주시 노연로 80,AGODA,20230101,20230630,91,"친절,위치,공항,가격,시설,조식,여행,직원",8,"친절,위치,공항,가격,시설,조식,여행",7,직원,1
관광호텔,메종글래드제주 ,제주특별자치도 제주시 노연로 80,BOOKING,20230101,20230630,86,"장소,식당,서비스,조식,재료,종류,복도,방음,부족",9,"장소,식당,서비스,조식,재료,종류",6,"복도,방음,부족",3
관광호텔,메종글래드제주 ,제주특별자치도 제주시 노연로 80,GOODCHOICE,20230101,20230630,96,"친절,객실,공항,조식,위치,시설,가격,여행,직원",9,"친절,객실,공항,조식,위치,시설,가격,여행",8,직원,1
관광호텔,메종글래드제주 ,제주특별자치도 제주시 노연로 80,YANOLJA,20230101,20230630,92,"친절,시설,공항,위치,서비스,직원,주차장,화장실",8,"친절,시설,공항,위치,서비스",5,"직원,주차장,화장실",3
관광호텔,베니키아 중문 호텔,제주특별자치도 서귀포시 천제연로 166,AGODA,20230101,20230630,89,"위치,친절,중문,여행,가격,맛집,시설,직원,주차장",9,"위치,친절,중문,여행,가격,맛집,시설",7,"직원,주차장",2
관광호텔,베니키아 중문 호텔,제주특별자치도 서귀포시 천제연로 166,BOOKING,20230101,20230630,82,"조식,위치,제공,바다,주차장,신청,전망,타월,세탁",9,"조식,위치,제공,바다",4,"주차장,신청,전망,타월,세탁",5
관광호텔,베니키아 중문 호텔,제주특별자치도 서귀포시 천제연로 166,GOODCHOICE,20230101,20230630,100,"친절,맛집,객실,중문,직원,주차장,사용,주차",8,"친절,맛집,객실,중문",4,"직원,주차장,사용,주차",4
관광호텔,베니키아 중문 호텔,제주특별자치도 서귀포시 천제연로 166,YANOLJA,20230101,20230630,65,"친절,시내,길가,모텔",4,"친절,시내",2,"길가,모텔",2
관광호텔,베니키아호텔제주(구. 뉴베니키아호텔제주),제주 제주시 애월읍 애월해안로 554-6,AGODA,20230101,20230630,80,"조식,위치,친절,가격,바다,청결,여행,직원",8,"조식,위치,친절,가격,바다,청결,여행",7,직원,1
관광호텔,베니키아호텔제주(구. 뉴베니키아호텔제주),제주 제주시 애월읍 애월해안로 554-6,BOOKING,20230101,20230630,79,"흡연,배려,관광객,흡연실,외국인,소음,전등,음식물 쓰레기,구역,단체",10,"흡연,배려",2,"관광객,흡연실,외국인,소음,전등,음식물 쓰레기,구역,단체",8
관광호텔,베니키아호텔제주(구. 뉴베니키아호텔제주),제주 제주시 애월읍 애월해안로 554-6,GOODCHOICE,20230101,20230630,88,"시설,가격,친절,객실,조식,적당,소리,사용,방음,복도",10,"시설,가격,친절,객실,조식,적당",6,"소리,사용,방음,복도",4
관광호텔,베니키아호텔제주(구. 뉴베니키아호텔제주),제주 제주시 애월읍 애월해안로 554-6,YANOLJA,20230101,20230630,69,"조식,친절,럭스,해안,도로,관광호텔,프론트,직원,선택,남편",10,"조식,친절,럭스,해안,도로,관광호텔",6,"프론트,직원,선택,남편",4
관광호텔,베스트웨스턴 제주호텔,제주특별자치도 제주시 도령로 27,AGODA,20230101,20230630,85,"공항,위치,가격,여행,시설,객실,스타벅스,편의점,직원",9,"공항,위치,가격,여행,시설,객실,스타벅스,편의점",8,직원,1
관광호텔,베스트웨스턴 제주호텔,제주특별자치도 제주시 도령로 27,BOOKING,20230101,20230630,83,"위치,침구,가격,청결,공항,객실,직원,응대,소음",9,"위치,침구,가격,청결,공항,객실",6,"직원,응대,소음",3
관광호텔,베스트웨스턴 제주호텔,제주특별자치도 제주시 도령로 27,GOODCHOICE,20230101,20230630,91,"공항,친절,조식,스타벅스,위치,시설,객실,편의점,직원",9,"공항,친절,조식,스타벅스,위치,시설,객실,편의점",8,직원,1
관광호텔,베스트웨스턴 제주호텔,제주특별자치도 제주시 도령로 27,YANOLJA,20230101,20230630,88,"공항,위치,객실,가격,시설,친절,교통,청결",8,"공항,위치,객실,가격,시설,친절,교통,청결",8,,0
숙박업(생활),벤티모 호텔 앤 레지던스 제주,제주특별자치도 제주시 연삼로 14,AGODA,20230101,20230630,93,"샌드위치,친절,공항,아침,위치,조식,직원,주차",8,"샌드위치,친절,공항,아침,위치,조식",6,"직원,주차",2
숙박업(생활),벤티모 호텔 앤 레지던스 제주,제주특별자치도 제주시 연삼로 14,YANOLJA,20230101,20230630,98,"친절,샌드위치,공항,조식,아침,객실,직원,주차",8,"친절,샌드위치,공항,조식,아침,객실",6,"직원,주차",2
일반호텔,브라운 스위트 제주,제주특별자치도 서귀포시 성산읍 고성오조로 94,AGODA,20230101,20230630,77,"가격,위치,일출봉,친절,시설,여행,행사,직원,화장실",9,"가격,위치,일출봉,친절,시설,여행",6,"행사,직원,화장실",3
일반호텔,브라운 스위트 제주,제주특별자치도 서귀포시 성산읍 고성오조로 94,BOOKING,20230101,20230630,65,"일출봉,위치,시설,편의점,객실,청결,식당,욕실,건물",9,"일출봉,위치,시설,편의점,객실,청결,식당",7,"욕실,건물",2
일반호텔,브라운 스위트 제주,제주특별자치도 서귀포시 성산읍 고성오조로 94,GOODCHOICE,20230101,20230630,86,"일출봉,친절,시설,여행,객실,직원,사용,침대",8,"일출봉,친절,시설,여행,객실",5,"직원,사용,침대",3
일반호텔,브라운 스위트 제주,제주특별자치도 서귀포시 성산읍 고성오조로 94,YANOLJA,20230101,20230630,82,"일출봉,위치,시설,객실,편의점,가격,친절,침구",8,"일출봉,위치,시설,객실,편의점,가격,친절,침구",8,,0
일반호텔,블룸 호텔,제주특별자치도 서귀포시 중문관광로72번길 53,AGODA,20230101,20230630,90,"조식,위치,중문,가격,친절,객실,직원,화장실",8,"조식,위치,중문,가격,친절,객실",6,"직원,화장실",2
일반호텔,블룸 호텔,제주특별자치도 서귀포시 중문관광로72번길 53,GOODCHOICE,20230101,20230630,85,"가격,위치,중문,조식,객실,친절,시설,무료,여행,데스크",10,"가격,위치,중문,조식,객실,친절,시설,무료,여행",9,데스크,1
일반호텔,블룸 호텔,제주특별자치도 서귀포시 중문관광로72번길 53,YANOLJA,20230101,20230630,83,"친절,객실,조식,중문,위치,아이들,청소,소음,머리카락",9,"친절,객실,조식,중문,위치,아이들",6,"청소,소음,머리카락",3
숙박업(생활),비스타리조트,제주특별자치도 제주시 서해안로 74,AGODA,20230101,20230630,71,"친절,바다,위치,직원,운영,설명,화장실,환풍기,창문",9,"친절,바다,위치",3,"직원,운영,설명,화장실,환풍기,창문",6
숙박업(생활),비스타리조트,제주특별자치도 제주시 서해안로 74,GOODCHOICE,20230101,20230630,93,"바다,위치,서비스,건식,공항,지인,친절,조건,청소,욕실",10,"바다,위치,서비스,건식,공항,지인,친절",7,"조건,청소,욕실",3
숙박업(생활),비스타리조트,제주특별자치도 제주시 서해안로 74,YANOLJA,20230101,20230630,67,사진,1,,0,사진,1
관광호텔,빠레브 호텔 제주,제주특별자치도 서귀포시 김정문화로 15,AGODA,20230101,20230630,84,"위치,가격,조식,시설,친절,냄새,온돌,침대,직원",9,"위치,가격,조식,시설,친절",5,"냄새,온돌,침대,직원",4
관광호텔,빠레브 호텔 제주,제주특별자치도 서귀포시 김정문화로 15,BOOKING,20230101,20230630,92,"투숙객,조식,객실,단체,수학여행,화장실,동일,학생,선택",9,"투숙객,조식,객실",3,"단체,수학여행,화장실,동일,학생,선택",6
관광호텔,빠레브 호텔 제주,제주특별자치도 서귀포시 김정문화로 15,GOODCHOICE,20230101,20230630,99,"위치,제주도,가격,지하,시설,친절,주차,주차장",8,"위치,제주도,가격,지하,시설,친절",6,"주차,주차장",2
관광호텔,빠레브 호텔 제주,제주특별자치도 서귀포시 김정문화로 15,YANOLJA,20230101,20230630,94,"가격,친절,청결,시설,사우나,자리,방음",7,"가격,친절,청결,시설,사우나",5,"자리,방음",2
숙박업(생활),산방산 호텔,제주특별자치도 서귀포시 대정읍 일주서로 2093,AGODA,20230101,20230630,90,"온천,친절,조식,시설,가격,편의점,직원",7,"온천,친절,조식,시설,가격,편의점",6,직원,1
숙박업(생활),산방산 호텔,제주특별자치도 서귀포시 대정읍 일주서로 2093,BOOKING,20230101,20230630,83,"조식,친절,식당,온천,냄새,직원,하수구,화장실",8,"조식,친절,식당,온천",4,"냄새,직원,하수구,화장실",4
숙박업(생활),산방산 호텔,제주특별자치도 서귀포시 대정읍 일주서로 2093,GOODCHOICE,20230101,20230630,89,"객실,여행,온천,화장실,직원,침대,바닥,청소,세면대",9,"객실,여행,온천",3,"화장실,직원,침대,바닥,청소,세면대",6
숙박업(생활),산방산 호텔,제주특별자치도 서귀포시 대정읍 일주서로 2093,YANOLJA,20230101,20230630,94,"시설,제주도,자전거,여행,세탁기,간단,친절,건조기,방음",9,"시설,제주도,자전거,여행,세탁기,간단,친절",7,"건조기,방음",2
일반호텔,서귀포 신신호텔 서귀포점,제주특별자치도 서귀포시 태평로371번길 18,AGODA,20230101,20230630,85,"위치,가격,시장,올레,친절,시설,청소,직원,수건",9,"위치,가격,시장,올레,친절,시설",6,"청소,직원,수건",3
일반호텔,서귀포 신신호텔 서귀포점,제주특별자치도 서귀포시 태평로371번길 18,BOOKING,20230101,20230630,79,"위치,객실,조식,아침,세탁기,가격,시장,고층,침대,주차",10,"위치,객실,조식,아침,세탁기,가격,시장,고층",8,"침대,주차",2
일반호텔,서귀포 신신호텔 서귀포점,제주특별자치도 서귀포시 태평로371번길 18,GOODCHOICE,20230101,20230630,90,"가격,시장,올레,친절,시설,주차,직원,청소",8,"가격,시장,올레,친절,시설",5,"주차,직원,청소",3
일반호텔,서귀포 신신호텔 서귀포점,제주특별자치도 서귀포시 태평로371번길 18,YANOLJA,20230101,20230630,85,"시장,가격,올레,위치,친절,야외,주차,공간,주차장",9,"시장,가격,올레,위치,친절,야외",6,"주차,공간,주차장",3
숙박업(생활),소노캄 제주,제주특별자치도 서귀포시 표선면 일주동로 6347-17,AGODA,20230101,20230630,75,"정원,수영장,산책,위치,제공,친절,객실,시설,추가,소음",10,"정원,수영장,산책,위치,제공,친절,객실,시설",8,"추가,소음",2
숙박업(생활),소노캄 제주,제주특별자치도 서귀포시 표선면 일주동로 6347-17,GOODCHOICE,20230101,20230630,94,"조식,여행,가족,야외,정원,기분,제주도,지하,아이들,프론트",10,"조식,여행,가족,야외,정원,기분,제주도,지하,아이들",9,프론트,1
숙박업(생활),소노캄 제주,제주특별자치도 서귀포시 표선면 일주동로 6347-17,YANOLJA,20230101,20230630,89,"객실,시설,야외,정원,산책로,제주도,공항,드라이브,노후",9,"객실,시설,야외,정원,산책로,제주도,공항,드라이브",8,노후,1
숙박업(생활),수앤수리조트(구.수앤수가족호텔),제주 제주시 애월읍 부룡수길 60,AGODA,20230101,20230630,74,"수영장,조식,가족,여행,아이들,가격,모기,청소,관리",9,"수영장,조식,가족,여행,아이들,가격",6,"모기,청소,관리",3
숙박업(생활),수앤수리조트(구.수앤수가족호텔),제주 제주시 애월읍 부룡수길 60,BOOKING,20230101,20230630,85,"올레길,아침,파죽,방음",4,"올레길,아침,파죽",3,방음,1
숙박업(생활),수앤수리조트(구.수앤수가족호텔),제주 제주시 애월읍 부룡수길 60,GOODCHOICE,20230101,20230630,92,"수영장,여행,친절,객실,가격,시설,아이들,직원",8,"수영장,여행,친절,객실,가격,시설,아이들",7,직원,1
숙박업(생활),수앤수리조트(구.수앤수가족호텔),제주 제주시 애월읍 부룡수길 60,YANOLJA,20230101,20230630,75,"수영장,가족,가능,로비,화장실,매점,고장,처음,밤새",9,"수영장,가족,가능",3,"로비,화장실,매점,고장,처음,밤새",6
관광호텔,스위트 호텔 제주,제주특별자치도 서귀포시 중문관광로72번길 67,AGODA,20230101,20230630,89,"조식,위치,테라스,친절,객실,중문,시설,직원,침대",9,"조식,위치,테라스,친절,객실,중문,시설",7,"직원,침대",2
관광호텔,스위트 호텔 제주,제주특별자치도 서귀포시 중문관광로72번길 67,BOOKING,20230101,20230630,75,"위치,친절,중문,가족,테라스,직원,화장실,냄새,청소",9,"위치,친절,중문,가족,테라스",5,"직원,화장실,냄새,청소",4
관광호텔,스위트 호텔 제주,제주특별자치도 서귀포시 중문관광로72번길 67,GOODCHOICE,20230101,20230630,94,"객실,조식,친절,중문,테라스,기분,가격,직원",8,"객실,조식,친절,중문,테라스,기분,가격",7,직원,1
관광호텔,스위트 호텔 제주,제주특별자치도 서귀포시 중문관광로72번길 67,YANOLJA,20230101,20230630,91,"테라스,친절,조식,침구,침대,성급,냄새,직원",8,"테라스,친절,조식,침구",4,"침대,성급,냄새,직원",4
일반호텔,시드니호텔,제주특별자치도 제주시 애월읍 애월해안로 945,AGODA,20230101,20230630,81,"가격,바다,위치,시설,바닷가,화장실,본관,욕실,주차장",9,"가격,바다,위치,시설",4,"바닷가,화장실,본관,욕실,주차장",5
일반호텔,시드니호텔,제주특별자치도 제주시 애월읍 애월해안로 945,BOOKING,20230101,20230630,50,"숙박비,층간소음",2,,0,"숙박비,층간소음",2
일반호텔,시드니호텔,제주특별자치도 제주시 애월읍 애월해안로 945,GOODCHOICE,20230101,20230630,78,"시설,신관,객실,제주도,바다,친절,가격,수준,응대,본관",10,"시설,신관,객실,제주도,바다,친절,가격",7,"수준,응대,본관",3
일반호텔,시드니호텔,제주특별자치도 제주시 애월읍 애월해안로 945,YANOLJA,20230101,20230630,88,"여자친구,애월,숙박,가격,경관,말씀,공간",7,"여자친구,애월,숙박,가격,경관",5,"말씀,공간",2
관광호텔,신라스테이제주,제주특별자치도 제주시 노연로 100,AGODA,20230101,20230630,88,"위치,친절,조식,공항,가격,시설,직원,주차",8,"위치,친절,조식,공항,가격,시설",6,"직원,주차",2
관광호텔,신라스테이제주,제주특별자치도 제주시 노연로 100,BOOKING,20230101,20230630,72,"위치,조식,친절,객실,시설,직원,주차장,소리,방음",9,"위치,조식,친절,객실,시설",5,"직원,주차장,소리,방음",4
관광호텔,신라스테이제주,제주특별자치도 제주시 노연로 100,GOODCHOICE,20230101,20230630,94,"친절,객실,조식,위치,시설,공항,직원,주차",8,"친절,객실,조식,위치,시설,공항",6,"직원,주차",2
관광호텔,신라스테이제주,제주특별자치도 제주시 노연로 100,YANOLJA,20230101,20230630,90,"조식,위치,친절,시설,침구,시내,직원,침대",8,"조식,위치,친절,시설,침구,시내",6,"직원,침대",2
일반호텔,신신호텔 제주공항,제주특별자치도 제주시 도령로 124,AGODA,20230101,20230630,81,"공항,가격,위치,친절,시설,주차장,직원,소리,바닥",9,"공항,가격,위치,친절,시설",5,"주차장,직원,소리,바닥",4
일반호텔,신신호텔 제주공항,제주특별자치도 제주시 도령로 124,BOOKING,20230101,20230630,65,"공항,위치,아침,여행,숙박,객실,침대,주차장,냄새,기억",10,"공항,위치,아침,여행,숙박,객실",6,"침대,주차장,냄새,기억",4
일반호텔,신신호텔 제주공항,제주특별자치도 제주시 도령로 124,GOODCHOICE,20230101,20230630,86,"공항,객실,제주공항,친절,조식,여행,배달,화장실",8,"공항,객실,제주공항,친절,조식,여행,배달",7,화장실,1
일반호텔,신신호텔 제주공항,제주특별자치도 제주시 도령로 124,YANOLJA,20230101,20230630,72,"친절,공항,가격,직원,고객,소리,방음,프론트,청소",9,"친절,공항,가격",3,"직원,고객,소리,방음,프론트,청소",6
일반호텔,신신호텔 제주월드컵,제주특별자치도 서귀포시 서호중로 55,AGODA,20230101,20230630,82,"가격,위치,조식,시설,친절,직원",6,"가격,위치,조식,시설,친절",5,직원,1
일반호텔,신신호텔 제주월드컵,제주특별자치도 서귀포시 서호중로 55,BOOKING,20230101,20230630,82,"객실,위치,청결,가격,조식,거리,식사,시설,주차",9,"객실,위치,청결,가격,조식,거리,식사,시설",8,주차,1
일반호텔,신신호텔 제주월드컵,제주특별자치도 서귀포시 서호중로 55,GOODCHOICE,20230101,20230630,91,"가격,객실,친절,조식,위치,직원,화장실",7,"가격,객실,친절,조식,위치",5,"직원,화장실",2
일반호텔,신신호텔 제주월드컵,제주특별자치도 서귀포시 서호중로 55,YANOLJA,20230101,20230630,85,"가격,위치,시설,친절,청결,청소",6,"가격,위치,시설,친절,청결",5,청소,1
일반호텔,신신호텔 천지연,제주특별자치도 서귀포시 서문로 42-1,AGODA,20230101,20230630,80,"가격,위치,시장,친절,올레,여행,냄새,직원,주차",9,"가격,위치,시장,친절,올레,여행",6,"냄새,직원,주차",3
일반호텔,신신호텔 천지연,제주특별자치도 서귀포시 서문로 42-1,GOODCHOICE,20230101,20230630,85,"시장,올레,가격,친절,여행,객실,주차,주차장,직원,냄새",10,"시장,올레,가격,친절,여행,객실",6,"주차,주차장,직원,냄새",4
일반호텔,신신호텔 천지연,제주특별자치도 서귀포시 서문로 42-1,YANOLJA,20230101,20230630,79,"가격,객실,냄새,에어컨,청소,직원,주차장,주차",8,"가격,객실",2,"냄새,에어컨,청소,직원,주차장,주차",6
숙박업(생활),썬 앤 문 리조트,제주특별자치도 서귀포시 안덕면 사계남로 102,AGODA,20230101,20230630,90,"친절,조식,위치,바다,편안,여행,객실,아침,청결,직원",10,"친절,조식,위치,바다,편안,여행,객실,아침,청결",9,직원,1
숙박업(생활),썬 앤 문 리조트,제주특별자치도 서귀포시 안덕면 사계남로 102,BOOKING,20230101,20230630,85,"조식,친절,아침,청결,위치,편안,객실,시설,직원,커피",10,"조식,친절,아침,청결,위치,편안,객실,시설",8,"직원,커피",2
숙박업(생활),썬 앤 문 리조트,제주특별자치도 서귀포시 안덕면 사계남로 102,GOODCHOICE,20230101,20230630,100,"조식,맛집,무료,숙박,친절,분위기,침구,주시,자리,청소",10,"조식,맛집,무료,숙박,친절,분위기,침구",7,"주시,자리,청소",3
숙박업(생활),썬 앤 문 리조트,제주특별자치도 서귀포시 안덕면 사계남로 102,YANOLJA,20230101,20230630,96,"조식,서비스,바다,여행,친절,루프,시설,기대,엘리베이터,물건",10,"조식,서비스,바다,여행,친절,루프,시설",7,"기대,엘리베이터,물건",3
숙박업(생활),씨사이드 아덴,제주특별자치도 서귀포시 중문관광로 124,AGODA,20230101,20230630,89,"동반,가족,위치,시설,여행,편의점,애견,화장실,검색",9,"동반,가족,위치,시설,여행,편의점",6,"애견,화장실,검색",3
숙박업(생활),씨사이드 아덴,제주특별자치도 서귀포시 중문관광로 124,GOODCHOICE,20230101,20230630,97,"시설,연장,편의점,가족,여행,라온,청소,세탁",8,"시설,연장,편의점,가족,여행,라온",6,"청소,세탁",2
숙박업(생활),씨사이드 아덴,제주특별자치도 서귀포시 중문관광로 124,YANOLJA,20230101,20230630,80,"객실,부모,경치,바다,중문,접근성,수저,식기",8,"객실,부모,경치,바다,중문,접근성",6,"수저,식기",2
관광호텔,아루미호텔 중문점,제주특별자치도 서귀포시 색달중앙로 38,GOODCHOICE,20230101,20230630,87,"제주도,중문,아침,숙성,침대,신발,신고,화장실,연결,샤워",10,"제주도,중문,아침,숙성",4,"침대,신발,신고,화장실,연결,샤워",6
관광호텔,아루미호텔 중문점,제주특별자치도 서귀포시 색달중앙로 38,YANOLJA,20230101,20230630,88,"친절,편안,시설,박하,첫날,직원,수건,사용",8,"친절,편안,시설,박하,첫날",5,"직원,수건,사용",3
관광호텔,아리아 호텔 제주,제주특별자치도 서귀포시 중문관광로 23-1,GOODCHOICE,20230101,20230630,100,"친절,객실,부모,가격,위치,여행,중문,세월,직원",9,"친절,객실,부모,가격,위치,여행,중문,세월",8,직원,1
관광호텔,아리아 호텔 제주,제주특별자치도 서귀포시 중문관광로 23-1,YANOLJA,20230101,20230630,90,"친절,위치,컨디션,분위기,교통,직원,냄새",7,"친절,위치,컨디션,분위기,교통",5,"직원,냄새",2
관광호텔,아스타호텔,제주특별자치도 제주시 서사로 129,AGODA,20230101,20230630,92,"위치,공항,친절,가격,시설,아침,조식,직원",8,"위치,공항,친절,가격,시설,아침,조식",7,직원,1
관광호텔,아스타호텔,제주특별자치도 제주시 서사로 129,BOOKING,20230101,20230630,82,"조식,객실,공항,위치,사우나,아침,청결,친절,소리",9,"조식,객실,공항,위치,사우나,아침,청결,친절",8,소리,1
관광호텔,아스타호텔,제주특별자치도 제주시 서사로 129,GOODCHOICE,20230101,20230630,87,"친절,객실,공항,편의점,위치,조식,저녁,직원",8,"친절,객실,공항,편의점,위치,조식,저녁",7,직원,1
관광호텔,아스타호텔,제주특별자치도 제주시 서사로 129,YANOLJA,20230101,20230630,96,"친절,공항,시설,편안,객실,직원,침대,주차장",8,"친절,공항,시설,편안,객실",5,"직원,침대,주차장",3
일반호텔,아시아호텔 제주,제주특별자치도 제주시 노연로 53,AGODA,20230101,20230630,87,"위치,공항,가격,시설,친절,직원,소리,주차",8,"위치,공항,가격,시설,친절",5,"직원,소리,주차",3
일반호텔,아시아호텔 제주,제주특별자치도 제주시 노연로 53,BOOKING,20230101,20230630,86,"위치,친절,서비스,치솔,방음,사진,직원",7,"위치,친절,서비스",3,"치솔,방음,사진,직원",4
일반호텔,아시아호텔 제주,제주특별자치도 제주시 노연로 53,GOODCHOICE,20230101,20230630,94,"친절,청결,제주도,공항,주차,직원,침대,방음",8,"친절,청결,제주도,공항",4,"주차,직원,침대,방음",4
일반호텔,아시아호텔 제주,제주특별자치도 제주시 노연로 53,YANOLJA,20230101,20230630,89,"친절,시설,시내,공항,가격,편의점,컨디션",7,"친절,시설,시내,공항,가격,편의점,컨디션",7,,0
관광호텔,아이진호텔,제주 제주시 신대로22길 4,AGODA,20230101,20230630,87,"공항,조식,가격,친절,위치,직원,주차장,주차",8,"공항,조식,가격,친절,위치",5,"직원,주차장,주차",3
관광호텔,아이진호텔,제주 제주시 신대로22길 4,BOOKING,20230101,20230630,79,"친절,편안,주차공간,조식,직원,신청,평가,불가,청소",9,"친절,편안,주차공간,조식",4,"직원,신청,평가,불가,청소",5
관광호텔,아이진호텔,제주 제주시 신대로22길 4,GOODCHOICE,20230101,20230630,89,"위치,친절,여행,분위기,여자친구,주위,직원,카페,음악,소리",10,"위치,친절,여행,분위기,여자친구,주위",6,"직원,카페,음악,소리",4
관광호텔,아이진호텔,제주 제주시 신대로22길 4,YANOLJA,20230101,20230630,71,"객실,청결,공항,바닥,카페,냄새,먼지,새벽,기침",9,"객실,청결,공항",3,"바닥,카페,냄새,먼지,새벽,기침",6
숙박업(생활),어반스테이 제주연동,제주특별자치도 제주시 연동6길 5,AGODA,20230101,20230630,91,"위치,객실,시내,편의점,맛집,주차,위생",7,"위치,객실,시내,편의점,맛집",5,"주차,위생",2
숙박업(생활),어반스테이 제주연동,제주특별자치도 제주시 연동6길 5,BOOKING,20230101,20230630,100,"차량,주차",2,,0,"차량,주차",2
숙박업(생활),어반스테이 제주연동,제주특별자치도 제주시 연동6길 5,GOODCHOICE,20230101,20230630,94,"공항,시설,오피스텔,위치,가능,여행,주차,주차장",8,"공항,시설,오피스텔,위치,가능,여행",6,"주차,주차장",2
숙박업(생활),어반스테이 제주연동,제주특별자치도 제주시 연동6길 5,YANOLJA,20230101,20230630,91,"시설,청결,위치,제주도,주차,소리,침대,주차장",8,"시설,청결,위치,제주도",4,"주차,소리,침대,주차장",4
관광호텔,어반아일랜드호텔,제주특별자치도 제주시 삼무로 76,AGODA,20230101,20230630,84,"위치,공항,친절,가격,직원,주차,소음,소리",8,"위치,공항,친절,가격",4,"직원,주차,소음,소리",4
관광호텔,어반아일랜드호텔,제주특별자치도 제주시 삼무로 76,BOOKING,20230101,20230630,60,"위치,이동",2,위치,1,이동,1
관광호텔,어반아일랜드호텔,제주특별자치도 제주시 삼무로 76,GOODCHOICE,20230101,20230630,89,"공항,친절,위치,아침,직원,주차,향수,냄새,신경",9,"공항,친절,위치,아침",4,"직원,주차,향수,냄새,신경",5
관광호텔,어반아일랜드호텔,제주특별자치도 제주시 삼무로 76,YANOLJA,20230101,20230630,88,"친절,가격,공항,제주공항,옷장,신제주,시내,청결,직원",9,"친절,가격,공항,제주공항,옷장,신제주,시내,청결",8,직원,1
관광호텔,엠버시티호텔(구.아이비호텔),제주 제주시 노연로 13,AGODA,20230101,20230630,82,"공항,제주도,일정,청결,검색,사용,비용,하루",8,"공항,제주도,일정,청결",4,"검색,사용,비용,하루",4
관광호텔,엠버시티호텔(구.아이비호텔),제주 제주시 노연로 13,BOOKING,20230101,20230630,75,"위치,교통,청결,식당,가격,소모품,믹스,커피,부탁",9,"위치,교통,청결,식당,가격",5,"소모품,믹스,커피,부탁",4
관광호텔,엠버시티호텔(구.아이비호텔),제주 제주시 노연로 13,GOODCHOICE,20230101,20230630,92,"객실,위치,가족,친절,시설,주차,침대,직원,화장실",9,"객실,위치,가족,친절,시설",5,"주차,침대,직원,화장실",4
관광호텔,엠버호텔,제주특별자치도 제주시 삼무로 12,AGODA,20230101,20230630,83,"조식,공항,위치,객실,친절,직원,냄새,사용",8,"조식,공항,위치,객실,친절",5,"직원,냄새,사용",3
관광호텔,엠버호텔,제주특별자치도 제주시 삼무로 12,BOOKING,20230101,20230630,82,"위치,조식,공항,침대,주차,샤워,사용",7,"위치,조식,공항",3,"침대,주차,샤워,사용",4
관광호텔,엠버호텔,제주특별자치도 제주시 삼무로 12,GOODCHOICE,20230101,20230630,93,"공항,위치,시내,추가,냄새,침대,설명,기준",8,"공항,위치,시내",3,"추가,냄새,침대,설명,기준",5
관광호텔,엠버호텔,제주특별자치도 제주시 삼무로 12,YANOLJA,20230101,20230630,82,"위치,객실,공항,침구,화장실,냄새,욕실,방음",8,"위치,객실,공항,침구",4,"화장실,냄새,욕실,방음",4
일반호텔,오션 스위츠 제주 호텔,제주특별자치도 제주시 탑동해안로 74,AGODA,20230101,20230630,86,"위치,공항,조식,시설,가격,여행,바다,친절,침대",9,"위치,공항,조식,시설,가격,여행,바다,친절",8,침대,1
일반호텔,오션 스위츠 제주 호텔,제주특별자치도 제주시 탑동해안로 74,GOODCHOICE,20230101,20230630,94,"시장,바다,공항,여행,가격,친절,시설,위치,동문,직원",10,"시장,바다,공항,여행,가격,친절,시설,위치",8,"동문,직원",2
일반호텔,오션 스위츠 제주 호텔,제주특별자치도 제주시 탑동해안로 74,YANOLJA,20230101,20230630,87,"공항,바다,위치,시장,시설,객실,전망,동문",8,"공항,바다,위치,시장,시설,객실",6,"전망,동문",2
관광호텔,올레리조트,제주특별자치도 제주시 애월읍 부룡수길 33,AGODA,20230101,20230630,90,"친절,여행,조식,욕조,가족,가격,바다,직원,스파",9,"친절,여행,조식,욕조,가족,가격,바다",7,"직원,스파",2
관광호텔,올레리조트,제주특별자치도 제주시 애월읍 부룡수길 33,GOODCHOICE,20230101,20230630,99,"객실,가족,친절,제주도,여행,조식,직원,사진,청소,화장실",10,"객실,가족,친절,제주도,여행,조식",6,"직원,사진,청소,화장실",4
관광호텔,올레리조트,제주특별자치도 제주시 애월읍 부룡수길 33,YANOLJA,20230101,20230630,95,"친절,여행,인생,청소,이유,동남아,벽지,에어컨",8,"친절,여행,인생",3,"청소,이유,동남아,벽지,에어컨",5
관광호텔,와이리조트 제주,제주특별자치도 서귀포시 안덕면 화순중앙로124번길 75,AGODA,20230101,20230630,92,"조식,친절,무료,여행,가족,시설,위치,욕조,직원",9,"조식,친절,무료,여행,가족,시설,위치,욕조",8,직원,1
관광호텔,와이리조트 제주,제주특별자치도 서귀포시 안덕면 화순중앙로124번길 75,BOOKING,20230101,20230630,89,"조식,위치,무료,시설,아침,편안,가족,청결,수영장",9,"조식,위치,무료,시설,아침,편안,가족,청결,수영장",9,,0
관광호텔,와이리조트 제주,제주특별자치도 서귀포시 안덕면 화순중앙로124번길 75,GOODCHOICE,20230101,20230630,100,"친절,저녁,화순,객실,여행,술자리,해변,직원,와이",9,"친절,저녁,화순,객실,여행,술자리,해변",7,"직원,와이",2
관광호텔,와이리조트 제주,제주특별자치도 서귀포시 안덕면 화순중앙로124번길 75,YANOLJA,20230101,20230630,99,"친절,조식,여행,시설,바다,어른,와인,업그레이드,직원",9,"친절,조식,여행,시설,바다,어른,와인,업그레이드",8,직원,1
일반호텔,위드시티 호텔,제주특별자치도 제주시 노연로 34,AGODA,20230101,20230630,87,"가격,위치,공항,친절,버스,직원,샤워실,주차,주차장",9,"가격,위치,공항,친절,버스",5,"직원,샤워실,주차,주차장",4
일반호텔,위드시티 호텔,제주특별자치도 제주시 노연로 34,BOOKING,20230101,20230630,83,"청결,편안,시설,서비스,서울로,침대,카운터,직원,응대,비가",10,"청결,편안,시설,서비스,서울로",5,"침대,카운터,직원,응대,비가",5
일반호텔,위드시티 호텔,제주특별자치도 제주시 노연로 34,GOODCHOICE,20230101,20230630,97,"가격,위치,편의점,상권,주차,방음,에어컨,인지,처음",9,"가격,위치,편의점,상권",4,"주차,방음,에어컨,인지,처음",5
일반호텔,위드시티 호텔,제주특별자치도 제주시 노연로 34,YANOLJA,20230101,20230630,85,"가격,시설,위치,공항,방음,직원,샤워실,주차",8,"가격,시설,위치,공항",4,"방음,직원,샤워실,주차",4
관광호텔,유어스 호텔,제주특별자치도 서귀포시 천제연로178번길 21,GOODCHOICE,20230101,20230630,94,"조식,친절,화장실,침대,주차,주차장,직원,수건",8,"조식,친절",2,"화장실,침대,주차,주차장,직원,수건",6
관광호텔,유어스 호텔,제주특별자치도 서귀포시 천제연로178번길 21,YANOLJA,20230101,20230630,90,"시설,친절,위치,서비스,가격,직원,카운터,추가",8,"시설,친절,위치,서비스,가격",5,"직원,카운터,추가",3
일반호텔,이스턴 호텔 제주,제주특별자치도 서귀포시 서호중로 65,AGODA,20230101,20230630,85,"가격,위치,여행,시설,직원,주차장,주차",7,"가격,위치,여행,시설",4,"직원,주차장,주차",3
일반호텔,이스턴 호텔 제주,제주특별자치도 서귀포시 서호중로 65,GOODCHOICE,20230101,20230630,93,"친절,가격,시설,객실,주차,직원,주차장,타워",8,"친절,가격,시설,객실",4,"주차,직원,주차장,타워",4
일반호텔,이스턴 호텔 제주,제주특별자치도 서귀포시 서호중로 65,YANOLJA,20230101,20230630,94,"무인,편의점,가능,야외,도구,로비,이유,주차장,세안",9,"무인,편의점,가능,야외,도구",5,"로비,이유,주차장,세안",4
관광호텔,제주 골드원 호텔 스위트,제주특별자치도 서귀포시 이어도로 1032,AGODA,20230101,20230630,90,"온수,수영장,조식,객실,위치,친절,여행,직원",8,"온수,수영장,조식,객실,위치,친절,여행",7,직원,1
관광호텔,제주 골드원 호텔 스위트,제주특별자치도 서귀포시 이어도로 1032,BOOKING,20230101,20230630,81,"조식,수영장,객실,서비스,산책로,온수,주말,스테이크,냉방,직원",10,"조식,수영장,객실,서비스,산책로,온수,주말",7,"스테이크,냉방,직원",3
관광호텔,제주 골드원 호텔 스위트,제주특별자치도 서귀포시 이어도로 1032,GOODCHOICE,20230101,20230630,92,"수영장,온수,조식,여행,제주도,객실,바다,욕조",8,"수영장,온수,조식,여행,제주도,객실,바다,욕조",8,,0
관광호텔,제주 골드원 호텔 스위트,제주특별자치도 서귀포시 이어도로 1032,YANOLJA,20230101,20230630,98,"친절,온수,숙박,편안,인피니티,좋은 하루,저녁,직원,스파",9,"친절,온수,숙박,편안,인피니티,좋은 하루,저녁",7,"직원,스파",2
일반호텔,제주 센트럴 시티,제주특별자치도 제주시 노연로 66,AGODA,20230101,20230630,80,"가격,위치,조식,공항,친절,객실,직원,냄새,주차",9,"가격,위치,조식,공항,친절,객실",6,"직원,냄새,주차",3
일반호텔,제주 센트럴 시티,제주특별자치도 제주시 노연로 66,BOOKING,20230101,20230630,67,"위치,접근성,욕조,시내,버스 정류장,교통,욕실,엘리베이터,규모,만원",10,"위치,접근성,욕조,시내,버스 정류장,교통",6,"욕실,엘리베이터,규모,만원",4
일반호텔,제주 센트럴 시티,제주특별자치도 제주시 노연로 66,GOODCHOICE,20230101,20230630,88,"조식,친절,위치,가격,객실,직원,청소,주차",8,"조식,친절,위치,가격,객실",5,"직원,청소,주차",3
일반호텔,제주 센트럴 시티,제주특별자치도 제주시 노연로 66,YANOLJA,20230101,20230630,78,"가격,위치,조식,친절,공항,화장실,방음,냄새",8,"가격,위치,조식,친절,공항",5,"화장실,방음,냄새",3
관광호텔,제주 신라 호텔,제주특별자치도 서귀포시 중문관광로72번길 75,AGODA,20230101,20230630,94,"수영장,친절,서비스,여행,조식,음식,시설,가격,제주도,직원",10,"수영장,친절,서비스,여행,조식,음식,시설,가격,제주도",9,직원,1
관광호텔,제주 신라 호텔,제주특별자치도 서귀포시 중문관광로72번길 75,BOOKING,20230101,20230630,90,"서비스,친절,시설,조식,음식,수영장,객실,사우나,직원,개선",10,"서비스,친절,시설,조식,음식,수영장,객실,사우나",8,"직원,개선",2
관광호텔,제주 신라 호텔,제주특별자치도 서귀포시 중문관광로72번길 75,GOODCHOICE,20230101,20230630,99,"수영장,친절,서비스,조식,짬뽕,여행,제주도,음식,공연,직원",10,"수영장,친절,서비스,조식,짬뽕,여행,제주도,음식,공연",9,직원,1
관광호텔,제주 신라 호텔,제주특별자치도 서귀포시 중문관광로72번길 75,YANOLJA,20230101,20230630,97,"수영장,친절,조식,시설,객실,서비스,직원,화장실,머리카락",9,"수영장,친절,조식,시설,객실,서비스",6,"직원,화장실,머리카락",3
관광호텔,제주 신화월드 랜딩관,제주특별자치도 서귀포시 안덕면 신화역사로304번길 38,AGODA,20230101,20230630,90,"친절,여행,시설,가격,가족,부대시설,객실,조식,직원",9,"친절,여행,시설,가격,가족,부대시설,객실,조식",8,직원,1
관광호텔,제주 신화월드 랜딩관,제주특별자치도 서귀포시 안덕면 신화역사로304번길 38,BOOKING,20230101,20230630,76,"친절,조식,가격,어르신,식당,시설,침구,편안,직원",9,"친절,조식,가격,어르신,식당,시설,침구,편안",8,직원,1
관광호텔,제주 신화월드 랜딩관,제주특별자치도 서귀포시 안덕면 신화역사로304번길 38,GOODCHOICE,20230101,20230630,95,"친절,시설,조식,객실,테마파크,가족,여행,직원",8,"친절,시설,조식,객실,테마파크,가족,여행",7,직원,1
관광호텔,제주 신화월드 랜딩관,제주특별자치도 서귀포시 안덕면 신화역사로304번길 38,YANOLJA,20230101,20230630,91,"친절,시설,객실,조식,가격,부대시설,테마파크,직원",8,"친절,시설,객실,조식,가격,부대시설,테마파크",7,직원,1
일반호텔,제주 엠스테이,제주특별자치도 서귀포시 태평로353번길 14,AGODA,20230101,20230630,84,"시장,위치,올레,가격,친절,여행,조식,직원",8,"시장,위치,올레,가격,친절,여행,조식",7,직원,1
일반호텔,제주 엠스테이,제주특별자치도 서귀포시 태평로353번길 14,BOOKING,20230101,20230630,80,"조식,올레,시장,교통,서귀포시,여행,첫날,기분,직원",9,"조식,올레,시장,교통,서귀포시,여행,첫날,기분",8,직원,1
일반호텔,제주 엠스테이,제주특별자치도 서귀포시 태평로353번길 14,GOODCHOICE,20230101,20230630,92,"시장,올레,여행,위치,친절,제주도,주차,주차장,직원",9,"시장,올레,여행,위치,친절,제주도",6,"주차,주차장,직원",3
일반호텔,제주 엠스테이,제주특별자치도 서귀포시 태평로353번길 14,YANOLJA,20230101,20230630,89,"시장,친절,청결,객실,직원,대처,사과,처음,프론트,남자",10,"시장,친절,청결,객실",4,"직원,대처,사과,처음,프론트,남자",6
숙박업 기타,제주 웨스턴 그레이스 호텔,제주특별자치도 서귀포시 김정문화로27번길 9-7,AGODA,20230101,20230630,86,"가격,조식,시설,위치,무료,주차,주차장,커피",8,"가격,조식,시설,위치,무료",5,"주차,주차장,커피",3
숙박업 기타,제주 웨스턴 그레이스 호텔,제주특별자치도 서귀포시 김정문화로27번길 9-7,BOOKING,20230101,20230630,77,"식당,가격,월드컵,경기장,무인,주차,전화,부탁,공간",9,"식당,가격,월드컵,경기장,무인",5,"주차,전화,부탁,공간",4
숙박업 기타,제주 웨스턴 그레이스 호텔,제주특별자치도 서귀포시 김정문화로27번길 9-7,GOODCHOICE,20230101,20230630,92,"시설,객실,가격,위치,편의,여행,주차,주차장",8,"시설,객실,가격,위치,편의,여행",6,"주차,주차장",2
숙박업 기타,제주 웨스턴 그레이스 호텔,제주특별자치도 서귀포시 김정문화로27번길 9-7,YANOLJA,20230101,20230630,84,"조식,여행,객실,친절,서비스,침구,냄새,직원",8,"조식,여행,객실,친절,서비스,침구",6,"냄새,직원",2
관광호텔,제주 일레인 호텔,제주특별자치도 서귀포시 일주서로 660,AGODA,20230101,20230630,84,"침구,친절,조식,숙박,위치,객실,청소,직원",8,"침구,친절,조식,숙박,위치,객실",6,"청소,직원",2
관광호텔,제주 일레인 호텔,제주특별자치도 서귀포시 일주서로 660,BOOKING,20230101,20230630,92,"친절,식사,배달,감동,가격,직원,청소,사용",8,"친절,식사,배달,감동,가격",5,"직원,청소,사용",3
관광호텔,제주 일레인 호텔,제주특별자치도 서귀포시 일주서로 660,GOODCHOICE,20230101,20230630,88,"조식,객실,친절,가격,시설,화장실,직원,침대",8,"조식,객실,친절,가격,시설",5,"화장실,직원,침대",3
관광호텔,제주 일레인 호텔,제주특별자치도 서귀포시 일주서로 660,YANOLJA,20230101,20230630,97,"친절,서비스,조식,여행,기분,침대,소리",7,"친절,서비스,조식,여행,기분",5,"침대,소리",2
숙박업(생활),제주 해바라기 펜션 ,제주특별자치도 서귀포시 표선면 일주동로6285번길 13-12,YANOLJA,20230101,20230630,100,"편안,편의점,별도,온수,대가족,스파,추가,만원,주차",9,"편안,편의점,별도,온수,대가족",5,"스파,추가,만원,주차",4
관광호텔,제주썬 호텔,제주특별자치도 제주시 삼무로 67,AGODA,20230101,20230630,93,"친절,공항,객실,위치,시설,사우나,서비스,직원,청소",9,"친절,공항,객실,위치,시설,사우나,서비스",7,"직원,청소",2
관광호텔,제주썬 호텔,제주특별자치도 제주시 삼무로 67,BOOKING,20230101,20230630,91,"친절,위치,조식,시작,아침,직원,냄새,주차장",8,"친절,위치,조식,시작,아침",5,"직원,냄새,주차장",3
관광호텔,제주썬 호텔,제주특별자치도 제주시 삼무로 67,GOODCHOICE,20230101,20230630,99,"친절,제주도,객실,공항,시설,여행,컨디션,직원",8,"친절,제주도,객실,공항,시설,여행,컨디션",7,직원,1
관광호텔,제주썬 호텔,제주특별자치도 제주시 삼무로 67,YANOLJA,20230101,20230630,97,"친절,객실,서비스,위치,컨디션,사우나,직원,침대",8,"친절,객실,서비스,위치,컨디션,사우나",6,"직원,침대",2
숙박업(생활),중문 리조트,제주특별자치도 서귀포시 색달로 117,AGODA,20230101,20230630,71,"숙박,조식,모기,하루,물림,소굴,매트리스,허리,아픔",9,"숙박,조식",2,"모기,하루,물림,소굴,매트리스,허리,아픔",7
일반호텔,중문 썬라이즈호텔,제주특별자치도 서귀포시 중문관광로 310,AGODA,20230101,20230630,72,"여행,도보,가능,시설,위치,핸드폰,문자,칫솔,치약",9,"여행,도보,가능,시설,위치",5,"핸드폰,문자,칫솔,치약",4
일반호텔,중문 썬라이즈호텔,제주특별자치도 서귀포시 중문관광로 310,BOOKING,20230101,20230630,70,"제공,커피,추가",3,제공,1,"커피,추가",2
일반호텔,중문 썬라이즈호텔,제주특별자치도 서귀포시 중문관광로 310,GOODCHOICE,20230101,20230630,100,"여행,오랫만,무인,친절,문자,시스템,처음,직원,통화,설명",10,"여행,오랫만,무인,친절",4,"문자,시스템,처음,직원,통화,설명",6
일반호텔,중문 썬라이즈호텔,제주특별자치도 서귀포시 중문관광로 310,YANOLJA,20230101,20230630,80,"침구,숙박,위치,국제컨벤션센터,의향,가격,머리카락,샤워기,샤워",9,"침구,숙박,위치,국제컨벤션센터,의향,가격",6,"머리카락,샤워기,샤워",3
관광호텔,카사로마 호텔,제주특별자치도 서귀포시 태평로 347,AGODA,20230101,20230630,91,"위치,조식,시장,수영장,친절,객실,올레,여행,직원",9,"위치,조식,시장,수영장,친절,객실,올레,여행",8,직원,1
관광호텔,카사로마 호텔,제주특별자치도 서귀포시 태평로 347,BOOKING,20230101,20230630,82,"조식,위치,가격,온수,수압,주차,세면대,조절,샤워실",9,"조식,위치,가격,온수,수압",5,"주차,세면대,조절,샤워실",4
관광호텔,카사로마 호텔,제주특별자치도 서귀포시 태평로 347,GOODCHOICE,20230101,20230630,95,"조식,친절,수영장,여행,시설,시장,객실,직원,주차",9,"조식,친절,수영장,여행,시설,시장,객실",7,"직원,주차",2
관광호텔,카사로마 호텔,제주특별자치도 서귀포시 태평로 347,YANOLJA,20230101,20230630,94,"친절,조식,시설,시장,객실,청결,수영장,직원,주차",9,"친절,조식,시설,시장,객실,청결,수영장",7,"직원,주차",2
휴양콘도미니엄업,켄싱턴리조트 서귀포,제주특별자치도 서귀포시 이어도로 684,AGODA,20230101,20230630,88,"친절,가족,여행,객실,시설,위치,직원,모델링,화장실",9,"친절,가족,여행,객실,시설,위치",6,"직원,모델링,화장실",3
휴양콘도미니엄업,켄싱턴리조트 서귀포,제주특별자치도 서귀포시 이어도로 684,BOOKING,20230101,20230630,77,"친절,객실,조식,시설,위치,가족,직원,화장실,침대",9,"친절,객실,조식,시설,위치,가족",6,"직원,화장실,침대",3
휴양콘도미니엄업,켄싱턴리조트 서귀포,제주특별자치도 서귀포시 이어도로 684,GOODCHOICE,20230101,20230630,93,"조식,가족,친절,부모,객실,여행,제주도,직원",8,"조식,가족,친절,부모,객실,여행,제주도",7,직원,1
휴양콘도미니엄업,켄싱턴리조트 서귀포,제주특별자치도 서귀포시 이어도로 684,YANOLJA,20230101,20230630,79,"객실,부모,여행,가족,시설,조식,내부,노후,화장실,사용",10,"객실,부모,여행,가족,시설,조식,내부",7,"노후,화장실,사용",3
숙박업(생활),켄싱턴리조트 제주중문,제주특별자치도 서귀포시 색달동 2822-5,AGODA,20230101,20230630,93,"조식,친절,위치,가족,여행,객실,중문,직원,침대",9,"조식,친절,위치,가족,여행,객실,중문",7,"직원,침대",2
숙박업(생활),켄싱턴리조트 제주중문,제주특별자치도 서귀포시 색달동 2822-5,BOOKING,20230101,20230630,87,"조식,위치,음식,간단,친절,아침,종류,직원,전망",9,"조식,위치,음식,간단,친절,아침,종류",7,"직원,전망",2
숙박업(생활),켄싱턴리조트 제주중문,제주특별자치도 서귀포시 색달동 2822-5,GOODCHOICE,20230101,20230630,96,"객실,조식,위치,아침,부모,중문,수건,침대,모델링",9,"객실,조식,위치,아침,부모,중문",6,"수건,침대,모델링",3
숙박업(생활),켄싱턴리조트 제주중문,제주특별자치도 서귀포시 색달동 2822-5,YANOLJA,20230101,20230630,100,"원룸,크기,조식,고급,시설,뷔페,쇼파,대형,모델링,전망",10,"원룸,크기,조식,고급,시설,뷔페",6,"쇼파,대형,모델링,전망",4
휴양콘도미니엄업,켄싱턴리조트 제주한림,제주특별자치도 제주시 한림읍 귀덕리 3861,AGODA,20230101,20230630,93,"친절,가족,조식,여행,위치,바다,객실,가격,직원",9,"친절,가족,조식,여행,위치,바다,객실,가격",8,직원,1
휴양콘도미니엄업,켄싱턴리조트 제주한림,제주특별자치도 제주시 한림읍 귀덕리 3861,BOOKING,20230101,20230630,91,"친절,조식,가족,시설,위치,가격,거실,직원,노후",9,"친절,조식,가족,시설,위치,가격,거실",7,"직원,노후",2
휴양콘도미니엄업,켄싱턴리조트 제주한림,제주특별자치도 제주시 한림읍 귀덕리 3861,GOODCHOICE,20230101,20230630,100,"객실,조식,가족,위치,맛집,아이들,부대시설,하수구,냄새,바닷가",10,"객실,조식,가족,위치,맛집,아이들,부대시설",7,"하수구,냄새,바닷가",3
휴양콘도미니엄업,켄싱턴리조트 제주한림,제주특별자치도 제주시 한림읍 귀덕리 3861,YANOLJA,20230101,20230630,91,"가족,위치,객실,업그레이드,전망,클린,옛날",7,"가족,위치,객실,업그레이드",4,"전망,클린,옛날",3
숙박업(생활),코델리아s 호텔 앤 리조트,제주특별자치도 서귀포시 성산읍 일주동로 4186,AGODA,20230101,20230630,83,"가격,일출봉,편의점,여행,시설,위치,편안,침대,사용",9,"가격,일출봉,편의점,여행,시설,위치,편안",7,"침대,사용",2
숙박업(생활),코델리아s 호텔 앤 리조트,제주특별자치도 서귀포시 성산읍 일주동로 4186,BOOKING,20230101,20230630,79,"수영장,가격,친절,객실,서비스,직원,바닥,프론트,사람",9,"수영장,가격,친절,객실,서비스",5,"직원,바닥,프론트,사람",4
숙박업(생활),코델리아s 호텔 앤 리조트,제주특별자치도 서귀포시 성산읍 일주동로 4186,GOODCHOICE,20230101,20230630,91,"가격,일출봉,시설,친절,편의점,침대,직원,청소,화장실",9,"가격,일출봉,시설,친절,편의점",5,"침대,직원,청소,화장실",4
숙박업(생활),코델리아s 호텔 앤 리조트,제주특별자치도 서귀포시 성산읍 일주동로 4186,YANOLJA,20230101,20230630,79,"수영장,친절,가격,시설,조식,직원,에어컨,침대",8,"수영장,친절,가격,시설,조식",5,"직원,에어컨,침대",3
일반호텔,코업시티성산,제주특별자치도 서귀포시 성산읍 성산등용로 28,AGODA,20230101,20230630,86,"일출봉,위치,가격,조식,친절,여행,직원,화장실",8,"일출봉,위치,가격,조식,친절,여행",6,"직원,화장실",2
일반호텔,코업시티성산,제주특별자치도 서귀포시 성산읍 성산등용로 28,BOOKING,20230101,20230630,82,"조식,위치,일출봉,친절,시설,아침,청결,직원,조명",9,"조식,위치,일출봉,친절,시설,아침,청결",7,"직원,조명",2
일반호텔,코업시티성산,제주특별자치도 서귀포시 성산읍 성산등용로 28,GOODCHOICE,20230101,20230630,95,"일출봉,바다,객실,여행,가격,위치,우도,화장실",8,"일출봉,바다,객실,여행,가격,위치,우도",7,화장실,1
일반호텔,코업시티성산,제주특별자치도 서귀포시 성산읍 성산등용로 28,YANOLJA,20230101,20230630,87,"일출봉,객실,친절,서비스,컨디션,위치,화장실,세면대,욕실",9,"일출봉,객실,친절,서비스,컨디션,위치",6,"화장실,세면대,욕실",3
관광호텔,탐라스테이,제주특별자치도 제주시 애월읍 애월해안로 881,AGODA,20230101,20230630,88,"가격,위치,객실,시설,여행,한적,내부,전망,잠도",9,"가격,위치,객실,시설,여행,한적,내부",7,"전망,잠도",2
관광호텔,탐라스테이,제주특별자치도 제주시 애월읍 애월해안로 881,GOODCHOICE,20230101,20230630,90,"제주도,탐라,여행,애월,객실,친절,시설,직원",8,"제주도,탐라,여행,애월,객실,친절,시설",7,직원,1
관광호텔,탐라스테이,제주특별자치도 제주시 애월읍 애월해안로 881,YANOLJA,20230101,20230630,85,"객실,조식,바다,친절,시설,맛집,바닥,화장실",8,"객실,조식,바다,친절,시설,맛집",6,"바닥,화장실",2
관광호텔,파르나스 호텔 제주,제주특별자치도 서귀포시 중문관광로72번길 100,AGODA,20230101,20230630,96,"수영장,친절,조식,여행,시설,서비스,객실,컨디션,직원",9,"수영장,친절,조식,여행,시설,서비스,객실,컨디션",8,직원,1
관광호텔,파르나스 호텔 제주,제주특별자치도 서귀포시 중문관광로72번길 100,BOOKING,20230101,20230630,93,"조식,수영장,친절,바다,서비스,위치,직원,청소,화장실",9,"조식,수영장,친절,바다,서비스,위치",6,"직원,청소,화장실",3
관광호텔,파르나스 호텔 제주,제주특별자치도 서귀포시 중문관광로72번길 100,GOODCHOICE,20230101,20230630,99,"수영장,조식,친절,서비스,객실,제주도,인피니티,바다,직원,로비",10,"수영장,조식,친절,서비스,객실,제주도,인피니티,바다",8,"직원,로비",2
관광호텔,파르나스 호텔 제주,제주특별자치도 서귀포시 중문관광로72번길 100,YANOLJA,20230101,20230630,95,"수영장,친절,서비스,시설,컨디션,조식,객실,날씨,여행,직원",10,"수영장,친절,서비스,시설,컨디션,조식,객실,날씨,여행",9,직원,1
관광호텔,파밀리아 호텔,제주특별자치도 서귀포시 대포동서로 63-20,AGODA,20230101,20230630,82,"친절,가족,편안,직원,청소,위생,방음,히터,요청",9,"친절,가족,편안",3,"직원,청소,위생,방음,히터,요청",6
관광호텔,파밀리아 호텔,제주특별자치도 서귀포시 대포동서로 63-20,GOODCHOICE,20230101,20230630,100,"친절,아침,중문,산책,객실,고양이,누렁이,이탈리아,직원",9,"친절,아침,중문,산책,객실,고양이,누렁이,이탈리아",8,직원,1
관광호텔,파밀리아 호텔,제주특별자치도 서귀포시 대포동서로 63-20,YANOLJA,20230101,20230630,90,"친절,접근성,조식,대포항,야간,택시,반대,잡기",8,"친절,접근성,조식,대포항,야간,택시,반대,잡기",8,,0
관광호텔,파크 선샤인 제주,제주특별자치도 서귀포시 남성중로 135,AGODA,20230101,20230630,91,"조식,위치,친절,가격,여행,침구,직원",7,"조식,위치,친절,가격,여행,침구",6,직원,1
관광호텔,파크 선샤인 제주,제주특별자치도 서귀포시 남성중로 135,BOOKING,20230101,20230630,88,"객실,위치,조식,욕조,거리,휴양,블룸,산책,단체",9,"객실,위치,조식,욕조,거리,휴양,블룸,산책",8,단체,1
관광호텔,파크 선샤인 제주,제주특별자치도 서귀포시 남성중로 135,GOODCHOICE,20230101,20230630,98,"조식,침구,친절,위치,시설,청결,컨디션",7,"조식,침구,친절,위치,시설,청결,컨디션",7,,0
관광호텔,파크 선샤인 제주,제주특별자치도 서귀포시 남성중로 135,YANOLJA,20230101,20230630,96,"친절,침구,컨디션,시설,조식,객실,아침",7,"친절,침구,컨디션,시설,조식,객실,아침",7,,0
일반호텔,펠리시아,제주특별자치도 서귀포시 일주동로 9123,AGODA,20230101,20230630,58,"관광지,조식,간단,무료,내외분,하루,실내,모델링",8,"관광지,조식,간단,무료,내외분",5,"하루,실내,모델링",3
일반호텔,펠리시아,제주특별자치도 서귀포시 일주동로 9123,BOOKING,20230101,20230630,90,"위치,베란다,흡연,가능,무료,조식,침구,주차,개선,아쉬움",10,"위치,베란다,흡연,가능,무료,조식,침구",7,"주차,개선,아쉬움",3
일반호텔,펠리시아,제주특별자치도 서귀포시 일주동로 9123,GOODCHOICE,20230101,20230630,96,"조식,아침,여행,친절,간단,바다,관리,주차장",8,"조식,아침,여행,친절,간단,바다",6,"관리,주차장",2
일반호텔,펠리시아,제주특별자치도 서귀포시 일주동로 9123,YANOLJA,20230101,20230630,93,"조식,친절,내외분,여행,토스트,스프,그동안,이동",8,"조식,친절,내외분,여행,토스트,스프,그동안",7,이동,1
관광호텔,플레이스 캠프 제주,제주특별자치도 서귀포시 성산읍 동류암로 20,AGODA,20230101,20230630,90,"여행,위치,시설,일출봉,가격,부대시설,소리,화장실,침대",9,"여행,위치,시설,일출봉,가격,부대시설",6,"소리,화장실,침대",3
관광호텔,플레이스 캠프 제주,제주특별자치도 서귀포시 성산읍 동류암로 20,GOODCHOICE,20230101,20230630,93,"여행,일출봉,시설,객실,화장실,사용,침대,공간,소리",9,"여행,일출봉,시설,객실",4,"화장실,사용,침대,공간,소리",5
관광호텔,플레이스 캠프 제주,제주특별자치도 서귀포시 성산읍 동류암로 20,YANOLJA,20230101,20230630,88,"여행,시설,일출봉,맛집,부대시설,침구,카페,사용,사람,커피",10,"여행,시설,일출봉,맛집,부대시설,침구",6,"카페,사용,사람,커피",4
휴양콘도미니엄업,한림 리조트,제주특별자치도 제주시 한림읍 일주서로 5083-5,AGODA,20230101,20230630,93,"친절,가족,여행,조식,시설,가격,위치,직원",8,"친절,가족,여행,조식,시설,가격,위치",7,직원,1
휴양콘도미니엄업,한림 리조트,제주특별자치도 제주시 한림읍 일주서로 5083-5,GOODCHOICE,20230101,20230630,98,"친절,가족,여행,객실,시설,가격,조식,직원",8,"친절,가족,여행,객실,시설,가격,조식",7,직원,1
휴양콘도미니엄업,한림 리조트,제주특별자치도 제주시 한림읍 일주서로 5083-5,YANOLJA,20230101,20230630,89,"객실,친절,청결,직원,침대,바람,시트,창문",8,"객실,친절,청결",3,"직원,침대,바람,시트,창문",5
숙박업(생활),해비치 하우스 펜션,제주특별자치도 서귀포시 표선면 민속해안로 347,AGODA,20230101,20230630,63,"식당,위치,편의점,인지,냄새,욕실,샤워,주의,다정",9,"식당,위치,편의점",3,"인지,냄새,욕실,샤워,주의,다정",6
휴양콘도미니엄업,해비치 호텔 & 리조트,제주 서귀포시 표선면 민속해안로 537,AGODA,20230101,20230630,91,"수영장,친절,여행,조식,비치,시설,위치,가족,직원",9,"수영장,친절,여행,조식,비치,시설,위치,가족",8,직원,1
휴양콘도미니엄업,해비치 호텔 & 리조트,제주 서귀포시 표선면 민속해안로 537,GOODCHOICE,20230101,20230630,97,"수영장,비치,가족,조식,친절,여행,객실,시설,침구,직원",10,"수영장,비치,가족,조식,친절,여행,객실,시설,침구",9,직원,1
휴양콘도미니엄업,해비치 호텔 & 리조트,제주 서귀포시 표선면 민속해안로 537,YANOLJA,20230101,20230630,94,"친절,조식,서비스,시설,정말,라이브,특가",7,"친절,조식,서비스,시설,정말,라이브,특가",7,,0
관광호텔,"헤이, 서귀포",제주특별자치도 서귀포시 태평로 363,AGODA,20230101,20230630,87,"친절,가격,위치,시장,객실,직원,주차장",7,"친절,가격,위치,시장,객실",5,"직원,주차장",2
관광호텔,"헤이, 서귀포",제주특별자치도 서귀포시 태평로 363,BOOKING,20230101,20230630,74,"위치,친절,가격,여행,직원,화장실,주차장,침대,청소",9,"위치,친절,가격,여행",4,"직원,화장실,주차장,침대,청소",5
관광호텔,"헤이, 서귀포",제주특별자치도 서귀포시 태평로 363,GOODCHOICE,20230101,20230630,96,"친절,위치,시장,시설,지하,직원,주차장,주차",8,"친절,위치,시장,시설,지하",5,"직원,주차장,주차",3
관광호텔,"헤이, 서귀포",제주특별자치도 서귀포시 태평로 363,YANOLJA,20230101,20230630,86,"친절,시장,위치,가격,여행,올레,주차장,직원",8,"친절,시장,위치,가격,여행,올레",6,"주차장,직원",2
관광호텔,호텔 레오 제주,제주특별자치도 제주시 삼무로 14,AGODA,20230101,20230630,93,"친절,공항,조식,여행,위치,루프,직원,침대",8,"친절,공항,조식,여행,위치,루프",6,"직원,침대",2
관광호텔,호텔 레오 제주,제주특별자치도 제주시 삼무로 14,BOOKING,20230101,20230630,92,"친절,스타일,조식,맛집,공항,위치,직원,주차,냄새,사용",10,"친절,스타일,조식,맛집,공항,위치",6,"직원,주차,냄새,사용",4
관광호텔,호텔 레오 제주,제주특별자치도 제주시 삼무로 14,GOODCHOICE,20230101,20230630,98,"친절,객실,스타일,공항,서비스,제주도,인사,직원,주차",9,"친절,객실,스타일,공항,서비스,제주도,인사",7,"직원,주차",2
관광호텔,호텔 레오 제주,제주특별자치도 제주시 삼무로 14,YANOLJA,20230101,20230630,91,"친절,객실,지난해,위치,편안,내부,주차,커튼,직원",9,"친절,객실,지난해,위치,편안,내부",6,"주차,커튼,직원",3
일반호텔,호텔 샬롬,제주특별자치도 제주시 동광로 34,AGODA,20230101,20230630,85,"위치,가격,친절,공항,시청,객실,주차장,직원,침대",9,"위치,가격,친절,공항,시청,객실",6,"주차장,직원,침대",3
일반호텔,호텔 샬롬,제주특별자치도 제주시 동광로 34,BOOKING,20230101,20230630,60,"위치,주차공간,중인,청결,이동,부족,평생,사람,발급,사용",10,"위치,주차공간,중인,청결",4,"이동,부족,평생,사람,발급,사용",6
일반호텔,호텔 샬롬,제주특별자치도 제주시 동광로 34,GOODCHOICE,20230101,20230630,94,"욕조,객실,공항,친절,제주도,시설,가격,주차장",8,"욕조,객실,공항,친절,제주도,시설,가격",7,주차장,1
일반호텔,호텔 샬롬,제주특별자치도 제주시 동광로 34,YANOLJA,20230101,20230630,87,"시설,가격,친절,위치,욕조,객실,주차장,냄새",8,"시설,가격,친절,위치,욕조,객실",6,"주차장,냄새",2
관광호텔,호텔 스카브로,제주특별자치도 서귀포시 예래해안로 15,AGODA,20230101,20230630,93,"자쿠지,가격,여행,시설,객실,바다,친절,스파",8,"자쿠지,가격,여행,시설,객실,바다,친절",7,스파,1
관광호텔,호텔 스카브로,제주특별자치도 서귀포시 예래해안로 15,BOOKING,20230101,20230630,85,"자쿠지,시설,수영장,위치,커서,욕실,냄새,침대,주차",9,"자쿠지,시설,수영장,위치,커서",5,"욕실,냄새,침대,주차",4
관광호텔,호텔 스카브로,제주특별자치도 서귀포시 예래해안로 15,GOODCHOICE,20230101,20230630,78,"자쿠지,제주도,가능,구조,직원,응대,프론트,설명,주차,주차장",10,"자쿠지,제주도,가능,구조",4,"직원,응대,프론트,설명,주차,주차장",6
관광호텔,호텔 스카이파크 제주 1호점,제주특별자치도 제주시 연동 272-29,AGODA,20230101,20230630,84,"한라산,위치,공항,가격,친절,셔틀,주차장,직원,침대",9,"한라산,위치,공항,가격,친절,셔틀",6,"주차장,직원,침대",3
관광호텔,호텔 스카이파크 제주 1호점,제주특별자치도 제주시 연동 272-29,BOOKING,20230101,20230630,43,"친절,위치,구석구석,발견,청소,먼지,사용,카드,에어컨,오프",10,"친절,위치,구석구석,발견",4,"청소,먼지,사용,카드,에어컨,오프",6
관광호텔,호텔 스카이파크 제주 1호점,제주특별자치도 제주시 연동 272-29,GOODCHOICE,20230101,20230630,86,"공항,조식,친절,한라산,객실,여행,주차장,주차,침대",9,"공항,조식,친절,한라산,객실,여행",6,"주차장,주차,침대",3
관광호텔,호텔 스카이파크 제주 1호점,제주특별자치도 제주시 연동 272-29,YANOLJA,20230101,20230630,87,"한라산,친절,공항,시설,조식,직원,사람,청소",8,"한라산,친절,공항,시설,조식",5,"직원,사람,청소",3
관광호텔,호텔 시리우스,제주특별자치도 제주시 도령로 133,AGODA,20230101,20230630,89,"수영장,공항,위치,가격,조식,시설,객실,컨디션,직원",9,"수영장,공항,위치,가격,조식,시설,객실,컨디션",8,직원,1
관광호텔,호텔 시리우스,제주특별자치도 제주시 도령로 133,BOOKING,20230101,20230630,78,"수영장,위치,공항,조식,친절,객실,직원,소리",8,"수영장,위치,공항,조식,친절,객실",6,"직원,소리",2
관광호텔,호텔 시리우스,제주특별자치도 제주시 도령로 133,GOODCHOICE,20230101,20230630,93,"수영장,공항,객실,조식,친절,위치,여행,제주도",8,"수영장,공항,객실,조식,친절,위치,여행,제주도",8,,0
관광호텔,호텔 시리우스,제주특별자치도 제주시 도령로 133,YANOLJA,20230101,20230630,89,"공항,수영장,조식,친절,시설,위치,화장실",7,"공항,수영장,조식,친절,시설,위치",6,화장실,1
일반호텔,호텔 앨리스 앤 트렁크,제주특별자치도 제주시 연동12길 4,AGODA,20230101,20230630,86,"위치,가격,공항,시설,컨디션,서비스,마트,침대,화장실",9,"위치,가격,공항,시설,컨디션,서비스",6,"마트,침대,화장실",3
일반호텔,호텔 앨리스 앤 트렁크,제주특별자치도 제주시 연동12길 4,BOOKING,20230101,20230630,87,"위치,침구,시설,컨디션,친절,직원,주차,관리,응대",9,"위치,침구,시설,컨디션,친절",5,"직원,주차,관리,응대",4
일반호텔,호텔 앨리스 앤 트렁크,제주특별자치도 제주시 연동12길 4,GOODCHOICE,20230101,20230630,98,"시설,청결,배달,침구,친절,소리,직원,수건",8,"시설,청결,배달,침구,친절",5,"소리,직원,수건",3
일반호텔,호텔 앨리스 앤 트렁크,제주특별자치도 제주시 연동12길 4,YANOLJA,20230101,20230630,90,"친절,객실,편안,주차,샤워실,화장실,직원,냄새",8,"친절,객실,편안",3,"주차,샤워실,화장실,직원,냄새",5
일반호텔,호텔 에어시티 제주,제주특별자치도 제주시 삼무로 56,AGODA,20230101,20230630,84,"위치,가격,공항,객실,버스,청결,바닥,청소,소리",9,"위치,가격,공항,객실,버스,청결",6,"바닥,청소,소리",3
일반호텔,호텔 에어시티 제주,제주특별자치도 제주시 삼무로 56,BOOKING,20230101,20230630,80,"구조,창가,위치,시내,접근,공항,셔틀,테이블,커피,문의",10,"구조,창가,위치,시내,접근,공항,셔틀",7,"테이블,커피,문의",3
일반호텔,호텔 에어시티 제주,제주특별자치도 제주시 삼무로 56,GOODCHOICE,20230101,20230630,82,"시설,친절,위치,객실,직원,온돌,난방,냄새,주차",9,"시설,친절,위치,객실",4,"직원,온돌,난방,냄새,주차",5
일반호텔,호텔 에어시티 제주,제주특별자치도 제주시 삼무로 56,YANOLJA,20230101,20230630,85,"친절,가격,시설,객실,위치,공항,주차,직원",8,"친절,가격,시설,객실,위치,공항",6,"주차,직원",2
일반호텔,호텔 컬리넌 제주,제주특별자치도 제주시 사장1길 26,AGODA,20230101,20230630,76,"위치,가격,친절,시내,공항,욕조,직원,모텔,주차,위생",10,"위치,가격,친절,시내,공항,욕조",6,"직원,모텔,주차,위생",4
일반호텔,호텔 컬리넌 제주,제주특별자치도 제주시 사장1길 26,GOODCHOICE,20230101,20230630,96,"가격,시설,친절,객실,적당,청결,주차,사용,침대",9,"가격,시설,친절,객실,적당,청결",6,"주차,사용,침대",3
일반호텔,호텔 컬리넌 제주,제주특별자치도 제주시 사장1길 26,YANOLJA,20230101,20230630,76,"친절,위치,공항,시설,객실,가격,직원,화장실,마트,조명",10,"친절,위치,공항,시설,객실,가격",6,"직원,화장실,마트,조명",4
일반호텔,호텔 케니 모슬포,제주특별자치도 서귀포시 대정읍 하모중앙로 22,AGODA,20230101,20230630,88,"가격,위치,시설,객실,모슬포,직원,침대",7,"가격,위치,시설,객실",4,"모슬포,직원,침대",3
일반호텔,호텔 케니 모슬포,제주특별자치도 서귀포시 대정읍 하모중앙로 22,GOODCHOICE,20230101,20230630,95,"친절,가격,시설,객실,주차장,주차,모슬포,침대",8,"친절,가격,시설,객실",4,"주차장,주차,모슬포,침대",4
일반호텔,호텔 케니 모슬포,제주특별자치도 서귀포시 대정읍 하모중앙로 22,YANOLJA,20230101,20230630,95,"접근성,버스,정류장,시설,컨디션,침대,건물,아래",8,"접근성,버스,정류장,시설,컨디션",5,"침대,건물,아래",3
일반호텔,호텔 케니 서귀포,제주특별자치도 서귀포시 동문로 42,AGODA,20230101,20230630,87,"시장,위치,올레,가격,친절,여행,조식,주차,직원",9,"시장,위치,올레,가격,친절,여행,조식",7,"주차,직원",2
일반호텔,호텔 케니 서귀포,제주특별자치도 서귀포시 동문로 42,BOOKING,20230101,20230630,78,"시장,위치,조식,올레,가격,침대,직원,주차장,주차",9,"시장,위치,조식,올레,가격",5,"침대,직원,주차장,주차",4
일반호텔,호텔 케니 서귀포,제주특별자치도 서귀포시 동문로 42,GOODCHOICE,20230101,20230630,91,"시장,올레,친절,가격,객실,여행,주차,직원,주차장,침대",10,"시장,올레,친절,가격,객실,여행",6,"주차,직원,주차장,침대",4
일반호텔,호텔 케니 서귀포,제주특별자치도 서귀포시 동문로 42,YANOLJA,20230101,20230630,91,"시장,위치,올레,친절,청결,프론트,직원,주차장,주차",9,"시장,위치,올레,친절,청결",5,"프론트,직원,주차장,주차",4
숙박업(생활),호텔 토스카나,제주특별자치도 서귀포시 용흥로66번길 158-7,AGODA,20230101,20230630,94,"온수,수영장,친절,수영,조식,여행,가족,직원,아기",9,"온수,수영장,친절,수영,조식,여행,가족",7,"직원,아기",2
숙박업(생활),호텔 토스카나,제주특별자치도 서귀포시 용흥로66번길 158-7,BOOKING,20230101,20230630,93,"수영장,조식,객실,아이와,가족,시설,온수,친절,직원",9,"수영장,조식,객실,아이와,가족,시설,온수,친절",8,직원,1
숙박업(생활),호텔 토스카나,제주특별자치도 서귀포시 용흥로66번길 158-7,GOODCHOICE,20230101,20230630,99,"수영장,친절,온수,여행,제주도,조식,가족,직원",8,"수영장,친절,온수,여행,제주도,조식,가족",7,직원,1
숙박업(생활),호텔 토스카나,제주특별자치도 서귀포시 용흥로66번길 158-7,YANOLJA,20230101,20230630,93,"수영장,조식,가족,친절,온수,연인,취학,직원",8,"수영장,조식,가족,친절,온수,연인,취학",7,직원,1
일반호텔,호텔난타,제주특별자치도 제주시 선돌목동길 56-26,AGODA,20230101,20230630,90,"한라산,등반,위치,난타,공연,가격,관음사",7,"한라산,등반,위치,난타,공연,가격,관음사",7,,0
일반호텔,호텔난타,제주특별자치도 제주시 선돌목동길 56-26,BOOKING,20230101,20230630,84,"한라산,위치,등반,친절,편의점,조식,직원",7,"한라산,위치,등반,친절,편의점,조식",6,직원,1
일반호텔,호텔난타,제주특별자치도 제주시 선돌목동길 56-26,GOODCHOICE,20230101,20230630,84,"난타,한라산,청결,등반,친절,공연,창문,직원",8,"난타,한라산,청결,등반,친절,공연",6,"창문,직원",2
일반호텔,호텔난타,제주특별자치도 제주시 선돌목동길 56-26,YANOLJA,20230101,20230630,90,"한라산,친절,위치,난타,시내,등산,시설,직원,최적",9,"한라산,친절,위치,난타,시내,등산,시설",7,"직원,최적",2
관광호텔,호텔더원,제주특별자치도 제주시 사장3길 33,AGODA,20230101,20230630,73,"시설,식당,친절,공사,위생,먼지,소음,건물,방음,화장실",10,"시설,식당,친절",3,"공사,위생,먼지,소음,건물,방음,화장실",7
관광호텔,호텔더원,제주특별자치도 제주시 사장3길 33,BOOKING,20230101,20230630,60,"시설,시내,편의,청결,프럼,운전,소리,자차",8,"시설,시내,편의,청결,프럼",5,"운전,소리,자차",3
관광호텔,호텔더원,제주특별자치도 제주시 사장3길 33,GOODCHOICE,20230101,20230630,87,"친절,객실,조식,위치,직원,침대,주차,주차장",8,"친절,객실,조식,위치",4,"직원,침대,주차,주차장",4
관광호텔,호텔더원,제주특별자치도 제주시 사장3길 33,YANOLJA,20230101,20230630,85,"객실,친절,청결,가격,침대,직원,주차,냄새",8,"객실,친절,청결,가격",4,"침대,직원,주차,냄새",4
일반호텔,호텔위드제주,제주특별자치도 제주시 노연로 34,AGODA,20230101,20230630,85,"가격,위치,공항,시내,주차,주차장,직원,화장실",8,"가격,위치,공항,시내",4,"주차,주차장,직원,화장실",4
일반호텔,호텔위드제주,제주특별자치도 제주시 노연로 34,BOOKING,20230101,20230630,76,"위치,조식,친절,공항,가격,주차,주차장,화장실,직원",9,"위치,조식,친절,공항,가격",5,"주차,주차장,화장실,직원",4
일반호텔,호텔위드제주,제주특별자치도 제주시 노연로 34,GOODCHOICE,20230101,20230630,100,"실전,객실,문제,대처",4,"실전,객실",2,"문제,대처",2
일반호텔,호텔위드제주,제주특별자치도 제주시 노연로 34,YANOLJA,20230101,20230630,80,"시설,공항,전반,시세,감안,신경,주차,요원,말투",9,"시설,공항,전반,시세,감안",5,"신경,주차,요원,말투",4
숙박업(생활),휘닉스 섭지코지,제주특별자치도 서귀포시 성산읍 섭지코지로 107,AGODA,20230101,20230630,88,"수영장,여행,가족,섭지코지,시설,산책,친절,위치,아이들,직원",10,"수영장,여행,가족,섭지코지,시설,산책,친절,위치,아이들",9,직원,1
숙박업(생활),휘닉스 섭지코지,제주특별자치도 서귀포시 성산읍 섭지코지로 107,BOOKING,20230101,20230630,77,"시설,수영장,객실,섭지코지,조식,바다,가족,사우나,연결,레드",10,"시설,수영장,객실,섭지코지,조식,바다,가족,사우나",8,"연결,레드",2
숙박업(생활),휘닉스 섭지코지,제주특별자치도 서귀포시 성산읍 섭지코지로 107,GOODCHOICE,20230101,20230630,94,"수영장,여행,가족,섭지코지,시설,조식,아이들,닉스,객실,직원",10,"수영장,여행,가족,섭지코지,시설,조식,아이들,닉스,객실",9,직원,1
숙박업(생활),휘닉스 섭지코지,제주특별자치도 서귀포시 성산읍 섭지코지로 107,YANOLJA,20230101,20230630,89,"가족,친절,여행,아이들,시설,제주도,객실,수영장,섭지코지,가격",10,"가족,친절,여행,아이들,시설,제주도,객실,수영장,섭지코지,가격",10,,0
일반호텔,휘슬락,제주특별자치도 제주시 서부두2길 26,AGODA,20230101,20230630,83,"위치,시장,공항,가격,친절,시설,바다,동문,직원",9,"위치,시장,공항,가격,친절,시설,바다",7,"동문,직원",2
일반호텔,휘슬락,제주특별자치도 제주시 서부두2길 26,BOOKING,20230101,20230630,79,"위치,조식,가능,시설,가족,서비스,주차장,주차,자리,걷기",10,"위치,조식,가능,시설,가족,서비스",6,"주차장,주차,자리,걷기",4
일반호텔,휘슬락,제주특별자치도 제주시 서부두2길 26,GOODCHOICE,20230101,20230630,92,"바다,시장,공항,친절,거리,동문,주차,침대,직원",9,"바다,시장,공항,친절,거리",5,"동문,주차,침대,직원",4
일반호텔,휘슬락,제주특별자치도 제주시 서부두2길 26,YANOLJA,20230101,20230630,85,"친절,시장,위치,시설,공항,직원,동문,청소",8,"친절,시장,위치,시설,공항",5,"직원,동문,청소",3
관광호텔,히든 클리프 호텔 앤 네이처,제주특별자치도 서귀포시 상예동 625,AGODA,20230101,20230630,91,"수영장,조식,친절,시설,서비스,컨디션,여행,가격,직원",9,"수영장,조식,친절,시설,서비스,컨디션,여행,가격",8,직원,1
관광호텔,히든 클리프 호텔 앤 네이처,제주특별자치도 서귀포시 상예동 625,BOOKING,20230101,20230630,83,"객실,서비스,쟁반,컨디션,수압,요청,복도,바닥,전기",9,"객실,서비스,쟁반,컨디션,수압",5,"요청,복도,바닥,전기",4
관광호텔,히든 클리프 호텔 앤 네이처,제주특별자치도 서귀포시 상예동 625,GOODCHOICE,20230101,20230630,97,"수영장,친절,조식,제주도,여행,객실,컨디션,직원,주차장",9,"수영장,친절,조식,제주도,여행,객실,컨디션",7,"직원,주차장",2
관광호텔,히든 클리프 호텔 앤 네이처,제주특별자치도 서귀포시 상예동 625,YANOLJA,20230101,20230630,99,"수영장,친절,객실,컨디션,시설,날씨,직원",7,"수영장,친절,객실,컨디션,시설,날씨",6,직원,1
